match_id;team;ct_wins;tr_wins;defused;exploded
70724;Liquid;7;2;1;5;
70724;MIBR;2;3;1;3;
70727;mousesports;7;2;0;4;
70727;fnatic;3;6;2;2;
70726;Liquid;7;6;1;2;
70726;MIBR;2;2;1;5;
70631;mousesports;2;2;3;2;
70631;FaZe;9;3;2;2;
70655;Astralis;4;5;4;2;
70655;Liquid;1;5;0;1;
70679;Cloud9;0;3;0;1;
70679;MIBR;10;2;1;3;
70553;Liquid;5;4;3;3;
70553;MIBR;0;3;1;3;
70548;Cloud9;5;2;0;1;
70548;Astralis;6;5;1;4;
70682;MIBR;3;6;2;4;
70682;Cloud9;5;5;0;5;
70562;Liquid;4;8;3;1;
70562;MIBR;1;5;0;3;
70616;Natus Vincere;7;4;2;3;
70616;fnatic;2;2;3;4;
70661;mousesports;4;2;2;2;
70661;Natus Vincere;7;4;1;4;
70632;mousesports;5;6;1;4;
70632;FaZe;3;5;1;2;
70657;Natus Vincere;12;2;0;2;
70657;mousesports;2;2;2;1;
70729;fnatic;3;1;3;6;
70729;mousesports;6;4;1;4;
70651;Liquid;7;3;1;1;
70651;Astralis;8;5;0;2;
70692;FaZe;3;8;2;1;
70692;fnatic;4;5;2;5;
70688;fnatic;4;7;2;2;
70688;FaZe;3;3;1;6;
70536;Astralis;7;4;1;3;
70536;Cloud9;3;5;4;2;
70656;mousesports;5;3;1;6;
70656;Natus Vincere;6;2;0;6;
70619;fnatic;6;7;1;2;
70619;Natus Vincere;1;7;1;1;
70733;fnatic;4;3;1;1;
70733;mousesports;6;4;3;1;
70628;Natus Vincere;6;5;2;3;
70628;fnatic;1;6;0;1;
69952;North;2;2;1;3;
69952;MIBR;5;9;0;2;
68689;Não Tem Como;0;0;1;3;
68689;BIG;9;4;1;0;
68917;mousesports;2;4;0;4;
68917;FaZe;4;6;3;3;
69899;Astralis;10;2;3;0;
69899;Cloud9;0;1;0;0;
69942;Natus Vincere;3;8;1;2;
69942;Cloud9;3;5;1;2;
68328;fnatic;1;4;2;7;
68328;Liquid;3;10;1;2;
68332;G2;2;1;1;0;
68332;NRG;9;2;4;0;
68336;Luminosity;0;1;0;0;
68336;FaZe;12;2;2;0;
68908;mousesports;0;4;0;2;
68908;FaZe;8;5;1;2;
68327;Astralis;11;2;0;1;
68327;Cloud9;7;0;5;1;
70075;BIG;8;3;3;1;
70075;FaZe;2;2;1;1;
69950;BIG;7;0;2;4;
69950;Renegades;6;5;3;1;
68344;NRG;8;5;3;0;
68344;FaZe;2;3;2;1;
69958;Natus Vincere;3;6;1;2;
69958;ENCE;5;5;2;4;
68916;FaZe;2;7;1;5;
68916;mousesports;1;2;2;4;
68749;Space Soldiers;3;0;1;1;
68749;SK;5;7;1;3;
69955;MIBR;3;9;3;1;
69955;North;1;3;2;6;
68662;SK;3;6;2;5;
68662;Ghost;2;0;1;0;
68330;Liquid;3;1;1;1;
68330;Astralis;11;1;2;2;
68626;FaZe;7;6;1;2;
68626;Ghost;6;1;1;0;
69938;fnatic;3;7;4;2;
69938;BIG;4;4;1;0;
69949;MIBR;3;8;0;3;
69949;North;4;9;0;3;
68800;SK;10;1;0;1;
68800;mousesports;8;3;2;2;
68795;SK;2;1;1;3;
68795;mousesports;6;4;3;1;
68701;Space Soldiers;6;0;0;0;
68701;FaZe;6;7;1;2;
69937;Natus Vincere;7;4;2;3;
69937;Cloud9;4;1;3;5;
69936;FaZe;6;6;1;3;
69936;MIBR;5;4;1;2;
70095;BIG;6;5;1;3;
70095;Natus Vincere;5;1;2;3;
69926;North;5;4;2;3;
69926;Liquid;7;5;1;2;
68637;BIG;8;0;2;1;
68637;Liquid;8;3;1;2;
68697;FaZe;4;3;2;6;
68697;Space Soldiers;1;3;0;5;
68754;Liquid;4;9;0;2;
68754;BIG;3;3;1;5;
68913;mousesports;3;9;2;2;
68913;FaZe;4;4;0;4;
68479;Liquid;0;9;1;1;
68479;Astralis;2;6;3;5;
70051;BIG;8;3;2;1;
70051;FaZe;9;2;1;2;
68368;Luminosity;4;3;2;2;
68368;G2;6;6;3;0;
69928;Renegades;5;7;3;1;
69928;BOOT-d[S];6;0;1;0;
68400;FaZe;8;4;2;2;
68400;G2;3;4;2;1;
69924;BOOT-d[S];2;3;0;3;
69924;Renegades;9;7;0;0;
68706;mousesports;7;6;0;2;
68706;Liquid;0;4;0;3;
69907;Gambit;4;0;0;0;
69907;Natus Vincere;2;8;4;2;
68462;Astralis;5;7;1;3;
68462;FaZe;3;2;1;1;
68654;mousesports;4;6;2;1;
68654;Não Tem Como;4;2;4;2;
68686;BIG;4;1;2;0;
68686;Não Tem Como;8;6;1;1;
68787;Liquid;1;4;0;2;
68787;FaZe;6;5;3;2;
68628;SK;4;2;1;4;
68628;Space Soldiers;8;3;1;4;
69985;MIBR;8;5;0;2;
69985;BIG;5;0;1;1;
68636;Não Tem Como;1;2;0;0;
68636;mousesports;10;3;1;0;
70000;Natus Vincere;3;10;1;2;
70000;fnatic;2;6;1;3;
69959;Astralis;10;4;0;0;
69959;G2;9;2;2;2;
68365;G2;5;5;0;6;
68365;Luminosity;2;5;1;0;
69956;Renegades;5;6;1;2;
69956;BIG;5;1;2;7;
69910;G2;5;6;1;3;
69910;mousesports;3;4;3;4;
69932;mousesports;4;8;0;3;
69932;ENCE;1;5;2;6;
69988;fnatic;0;0;0;1;
69988;FaZe;10;2;4;0;
68708;Liquid;1;1;3;0;
68708;mousesports;2;6;3;5;
69894;Astralis;8;3;5;0;
69894;Cloud9;8;0;1;2;
69982;fnatic;1;1;2;0;
69982;FaZe;10;2;4;0;
68359;fnatic;5;4;4;2;
68359;Cloud9;4;3;0;2;
69900;Natus Vincere;9;5;1;0;
69900;Gambit;1;0;1;4;
68362;fnatic;3;6;3;4;
68362;Cloud9;2;8;2;1;
69935;mousesports;3;7;1;1;
69935;ENCE;5;7;2;2;
70090;Natus Vincere;5;5;2;3;
70090;BIG;3;2;3;1;
68757;BIG;5;2;0;3;
68757;Liquid;5;5;1;5;
68390;FaZe;4;4;2;6;
68390;G2;2;3;3;1;
68457;FaZe;7;3;3;1;
68457;Astralis;6;4;4;1;
68472;Astralis;7;4;3;1;
68472;Liquid;5;1;5;3;
69915;G2;7;4;2;3;
69915;mousesports;5;1;1;0;
68454;Liquid;6;6;2;2;
68454;NRG;4;1;3;0;
68357;Cloud9;6;7;1;2;
68357;fnatic;3;5;3;3;
68372;fnatic;3;0;1;1;
68372;Liquid;5;9;0;2;
69914;G2;3;4;2;1;
69914;mousesports;4;7;2;3;
68687;Não Tem Como;6;2;1;0;
68687;BIG;9;4;2;1;
70099;Natus Vincere;6;5;2;2;
70099;BIG;5;0;3;2;
68613;SK;1;6;1;5;
68613;Space Soldiers;1;8;2;4;
68659;SK;4;5;5;1;
68659;Ghost;1;2;0;3;
70008;G2;0;1;0;0;
70008;BIG;9;2;4;0;
68453;Liquid;5;8;1;2;
68453;NRG;3;1;2;0;
69987;FaZe;4;3;1;3;
69987;fnatic;6;5;2;2;
68630;Liquid;3;9;3;1;
68630;BIG;2;5;3;4;
69931;Liquid;6;4;0;1;
69931;North;8;3;1;3;
70102;BIG;1;5;0;2;
70102;Natus Vincere;7;6;1;2;
68784;Liquid;3;7;1;3;
68784;FaZe;3;3;0;6;
70021;Natus Vincere;4;7;1;2;
70021;Astralis;4;3;1;4;
68911;FaZe;3;9;0;2;
68911;mousesports;3;8;0;4;
70035;Natus Vincere;4;9;2;1;
70035;Astralis;4;5;0;3;
68781;Liquid;1;2;0;0;
68781;FaZe;11;2;1;1;
70027;Natus Vincere;0;0;3;1;
70027;Astralis;5;5;1;5;
70067;BIG;6;3;3;3;
70067;FaZe;5;4;1;0;
69981;BIG;7;5;2;1;
69981;MIBR;4;3;0;2;
70005;G2;6;5;1;3;
70005;BIG;4;6;3;2;
69989;MIBR;5;5;2;3;
69989;BIG;5;1;0;7;
69953;Renegades;2;6;2;2;
69953;BIG;3;7;1;4;
69941;fnatic;3;8;1;4;
69941;BIG;2;1;1;0;
70001;fnatic;4;1;1;3;
70001;Natus Vincere;9;5;2;0;
68373;Liquid;8;2;1;5;
68373;fnatic;3;2;4;3;
68746;Space Soldiers;2;9;2;1;
68746;SK;3;10;2;1;
69967;Astralis;4;8;0;3;
69967;G2;3;0;1;0;
69977;ENCE;0;0;5;1;
69977;Natus Vincere;4;8;3;1;
69934;MIBR;2;5;2;0;
69934;FaZe;7;4;1;2;
68612;FaZe;11;4;1;0;
68612;Ghost;1;3;0;0;
69965;Natus Vincere;5;7;2;2;
69965;ENCE;3;3;1;5;
66947;SK;4;6;3;2;
66947;NiP;5;3;2;5;
66944;Astralis;1;11;1;2;
66944;OpTic;2;1;0;0;
66959;mousesports;4;5;1;4;
66959;FaZe;3;7;3;3;
67045;OpTic;6;5;4;0;
67045;Space Soldiers;0;1;0;3;
68039;Natus Vincere;9;4;2;0;
68039;SK;2;2;1;1;
67866;mousesports;7;3;2;2;
67866;Natus Vincere;1;3;0;1;
67930;NRG;7;4;0;5;
67930;Renegades;6;1;0;0;
67872;Natus Vincere;3;10;0;3;
67872;mousesports;1;0;0;0;
68035;SK;4;5;2;4;
68035;Natus Vincere;3;2;2;7;
66969;MVP PK;1;3;4;0;
66969;NRG;4;4;2;6;
66967;MVP PK;7;6;2;1;
66967;NRG;2;4;2;2;
66965;Heroic;3;6;2;4;
66965;Natus Vincere;1;8;1;1;
66975;Natus Vincere;3;11;0;1;
66975;Heroic;2;8;1;4;
67238;Liquid;5;8;1;0;
67238;Astralis;6;8;1;1;
67851;HellRaisers;4;3;3;2;
67851;NRG;8;5;1;1;
68001;NiP;5;6;3;1;
68001;mousesports;3;4;0;2;
67063;Heroic;4;3;2;5;
67063;mousesports;4;8;3;1;
67157;Natus Vincere;6;3;0;1;
67157;Liquid;8;2;1;3;
68101;Natus Vincere;5;5;2;3;
68101;NRG;5;1;0;0;
67937;North;7;4;2;2;
67937;GODSENT;5;2;2;3;
68110;Natus Vincere;5;6;2;3;
68110;NRG;4;1;2;0;
67163;Astralis;9;3;1;1;
67163;FaZe;0;2;0;1;
67821;SK;7;2;2;4;
67821;Liquid;4;2;4;2;
67931;North;8;7;1;0;
67931;GODSENT;2;4;2;2;
67080;Liquid;1;2;2;2;
67080;Astralis;9;4;0;1;
67852;TyLoo;1;3;0;2;
67852;GODSENT;1;12;2;1;
67927;AVANGAR;5;5;1;1;
67927;Natus Vincere;7;3;0;5;
67860;Virtus.pro;8;5;1;2;
67860;Renegades;1;4;1;2;
67169;Astralis;1;10;2;3;
67169;FaZe;1;3;1;1;
67021;SK;7;1;2;1;
67021;Astralis;9;2;3;1;
67099;mousesports;5;4;3;2;
67099;Liquid;6;4;3;2;
67799;Virtus.pro;3;5;1;0;
67799;Natus Vincere;10;4;0;2;
67248;Astralis;6;2;2;4;
67248;Liquid;6;5;3;2;
67023;SK;6;4;0;0;
67023;Astralis;5;6;0;3;
68047;NRG;4;2;1;5;
68047;North;5;7;1;2;
67975;North;9;3;3;1;
67975;AGO;5;2;4;1;
67861;NiP;6;5;3;2;
67861;North;6;1;0;5;
67929;Renegades;4;1;1;3;
67929;NRG;9;3;2;2;
67048;OpTic;3;10;1;2;
67048;Space Soldiers;1;1;2;1;
67978;AGO;2;2;4;2;
67978;North;6;8;1;1;
67079;OpTic;2;2;2;0;
67079;SK;11;2;1;1;
67013;Cloud9;7;3;1;0;
67013;Heroic;6;5;3;2;
67155;Natus Vincere;4;4;1;5;
67155;Liquid;2;6;2;4;
67858;NiP;9;2;3;2;
67858;North;5;2;0;1;
67010;OpTic;8;6;1;1;
67010;NiP;3;1;4;5;
67019;Space Soldiers;4;0;3;0;
67019;Liquid;5;6;3;2;
67793;Natus Vincere;6;2;3;3;
67793;Virtus.pro;5;2;1;2;
66973;NRG;10;2;2;1;
66973;MVP PK;0;1;0;1;
67105;mousesports;4;0;0;0;
67105;Liquid;4;7;1;4;
67869;AVANGAR;7;3;3;3;
67869;Liquid;5;3;1;2;
67878;mousesports;4;3;1;8;
67878;Natus Vincere;3;4;0;1;
67055;Renegades;8;2;0;0;
67055;SK;9;3;4;0;
66968;Heroic;8;3;1;0;
66968;Natus Vincere;10;4;1;1;
67928;AVANGAR;3;1;0;7;
67928;Natus Vincere;3;6;2;3;
67081;SK;9;2;1;4;
67081;OpTic;5;3;2;1;
67008;Grayhound;3;2;2;3;
67008;Renegades;5;9;1;1;
67015;Space Soldiers;5;1;4;1;
67015;Liquid;10;3;2;0;
66954;Cloud9;4;4;3;4;
66954;Sharks;2;4;3;4;
67111;FaZe;9;4;1;2;
67111;SK;4;2;3;3;
68069;mousesports;3;6;0;3;
68069;Natus Vincere;4;7;2;3;
67001;Grayhound;5;1;2;4;
67001;Renegades;8;6;0;0;
67859;Renegades;4;7;3;2;
67859;Virtus.pro;5;1;1;0;
67228;Liquid;0;1;0;0;
67228;Astralis;12;2;2;0;
68046;North;3;1;0;0;
68046;NRG;3;8;2;3;
67812;AGO;7;2;2;5;
67812;mousesports;5;1;2;0;
68042;SK;7;0;0;0;
68042;Natus Vincere;7;4;2;3;
67250;Liquid;6;2;3;0;
67250;Astralis;9;3;2;2;
67060;mousesports;5;7;2;1;
67060;Heroic;0;2;2;5;
67848;HellRaisers;2;0;1;0;
67848;NRG;3;5;1;7;
68022;NiP;1;5;2;1;
68022;mousesports;8;6;1;1;
68009;mousesports;7;3;1;5;
68009;NiP;2;4;1;3;
67972;Liquid;0;3;0;3;
67972;NRG;2;6;6;1;
67062;Natus Vincere;7;7;0;2;
67062;FaZe;2;5;1;3;
67977;North;10;3;1;0;
67977;AGO;10;3;1;1;
67116;FaZe;3;11;0;2;
67116;SK;2;3;0;0;
67020;NRG;2;4;6;1;
67020;mousesports;5;3;5;3;
67796;AGO;4;7;1;4;
67796;mousesports;3;4;1;0;
67077;Liquid;5;4;1;0;
67077;Astralis;6;6;1;3;
67969;Liquid;8;4;2;2;
67969;NRG;3;3;2;2;
67801;AGO;9;0;2;2;
67801;mousesports;6;3;5;1;
66961;Sharks;5;4;1;1;
66961;Cloud9;7;6;3;0;
67018;Cloud9;0;3;1;3;
67018;Heroic;6;3;1;4;
68086;Natus Vincere;4;6;4;2;
68086;mousesports;5;1;1;0;
66963;Cloud9;2;6;0;8;
66963;Sharks;1;0;0;0;
67971;Liquid;0;5;0;1;
67971;NRG;7;6;2;1;
67071;Natus Vincere;9;6;0;1;
67071;FaZe;4;3;3;1;
66962;FaZe;8;5;3;0;
66962;mousesports;0;4;0;0;
67076;OpTic;4;3;6;1;
67076;SK;7;2;4;1;
67022;NRG;4;2;3;0;
67022;mousesports;5;2;2;5;
68049;NRG;2;3;4;5;
68049;North;1;1;1;6;
67000;NiP;6;0;0;1;
67000;OpTic;5;6;2;3;
68060;mousesports;9;4;0;2;
68060;Natus Vincere;1;2;1;3;
67865;Virtus.pro;5;4;0;2;
67865;Renegades;4;9;2;0;
67849;TyLoo;8;4;3;1;
67849;GODSENT;4;4;3;0;
67820;Liquid;6;3;4;3;
67820;SK;4;3;5;2;
67850;TyLoo;0;2;0;0;
67850;GODSENT;11;3;2;0;
67046;SK;6;4;4;1;
67046;Renegades;2;2;1;2;
67875;Liquid;3;8;2;3;
67875;AVANGAR;3;1;1;0;
67814;Liquid;4;3;1;2;
67814;SK;3;4;4;4;
67887;AVANGAR;5;3;0;2;
67887;Liquid;5;4;0;6;
65472;Valiance;1;1;1;1;
65472;SK;9;3;4;0;
65553;Liquid;5;4;2;2;
65553;Gambit;6;5;3;2;
66338;mousesports;9;1;0;3;
66338;Renegades;5;2;4;2;
65665;Gambit;4;2;1;0;
65665;Natus Vincere;12;3;1;0;
65473;Renegades;7;6;1;1;
65473;TyLoo;7;4;0;0;
65480;Space Soldiers;3;1;3;0;
65480;Gambit;12;2;2;0;
61950;NiP;9;3;2;2;
61950;ORDER;0;3;0;1;
65466;Astralis;9;3;4;0;
65466;Space Soldiers;0;1;0;1;
65667;fnatic;1;0;1;3;
65667;Astralis;10;3;1;1;
61984;SK;5;5;2;4;
61984;Gambit;4;0;1;1;
65463;Natus Vincere;3;8;1;3;
65463;Renegades;2;0;1;0;
66209;mousesports;1;2;0;1;
66209;Astralis;10;2;2;2;
65455;EnVyUs;0;1;0;0;
65455;FaZe;10;2;4;0;
65682;Natus Vincere;2;2;0;0;
65682;Astralis;8;3;4;0;
65684;Natus Vincere;4;4;1;1;
65684;Astralis;5;5;1;4;
66274;fnatic;4;2;1;0;
66274;Astralis;9;3;4;0;
65668;Astralis;8;3;3;2;
65668;fnatic;8;0;2;2;
65517;Liquid;2;0;1;0;
65517;Astralis;3;4;1;8;
65615;mousesports;8;2;0;5;
65615;Natus Vincere;5;5;2;2;
66162;Grayhound;2;2;3;4;
66162;SK;4;7;1;3;
62153;FaZe;9;5;0;2;
62153;Astralis;1;4;1;2;
62200;fnatic;2;1;2;0;
62200;FaZe;4;7;1;4;
65629;Astralis;4;7;2;2;
65629;FaZe;1;4;4;1;
62055;fnatic;5;6;4;1;
62055;FaZe;1;4;1;2;
65508;Natus Vincere;7;6;2;0;
65508;fnatic;2;2;0;3;
62179;fnatic;6;8;0;2;
62179;Liquid;5;0;0;2;
66383;Astralis;5;6;3;1;
66383;mousesports;7;2;1;5;
65641;NiP;3;2;3;1;
65641;fnatic;6;2;4;2;
66218;FaZe;3;7;3;1;
66218;Grayhound;1;5;1;2;
62133;Liquid;7;5;1;3;
62133;NiP;6;1;0;1;
62035;Cloud9;8;4;1;3;
62035;SK;3;2;5;2;
66208;Cloud9;1;3;0;3;
66208;ORDER;4;5;4;2;
62031;Cloud9;6;1;2;0;
62031;SK;7;6;2;1;
65505;mousesports;8;5;0;3;
65505;NiP;6;2;1;0;
65614;mousesports;3;1;3;2;
65614;Natus Vincere;12;2;0;2;
65507;NiP;5;4;3;4;
65507;mousesports;6;2;1;2;
65506;NiP;3;3;3;7;
65506;mousesports;3;5;2;0;
62226;fnatic;5;7;2;1;
62226;FaZe;4;8;3;0;
66380;FaZe;5;2;1;1;
66380;TyLoo;6;5;1;4;
66163;FaZe;3;5;2;4;
66163;Renegades;2;3;2;6;
65509;fnatic;5;5;1;4;
65509;Natus Vincere;2;7;0;1;
66167;Grayhound;4;6;5;1;
66167;SK;6;1;2;2;
61981;Gambit;4;8;0;3;
61981;SK;2;8;2;3;
65515;Astralis;3;4;3;3;
65515;Liquid;4;5;3;3;
66264;MVP PK;2;7;2;0;
66264;mousesports;3;2;3;6;
66161;SK;5;3;4;1;
66161;Grayhound;6;3;3;3;
66216;FaZe;4;5;1;2;
66216;Grayhound;4;3;3;5;
65543;fnatic;4;5;2;4;
65543;Renegades;6;0;0;2;
65666;Natus Vincere;5;4;4;3;
65666;Gambit;2;4;4;2;
61967;G2;4;9;1;2;
61967;fnatic;1;2;2;1;
66215;fnatic;5;9;2;0;
66215;G2;4;1;2;0;
61915;TyLoo;9;3;2;2;
61915;Gambit;1;2;3;2;
65458;NiP;6;5;3;2;
65458;SK;6;1;0;4;
66210;ORDER;0;3;1;0;
66210;Cloud9;6;3;5;1;
66381;TyLoo;5;2;0;2;
66381;FaZe;7;4;2;1;
66275;mousesports;10;2;1;3;
66275;G2;4;1;1;3;
62122;Liquid;3;7;2;4;
62122;NiP;1;6;1;4;
66206;Chiefs;2;2;1;3;
66206;MVP PK;4;8;0;4;
61972;G2;5;3;0;1;
61972;fnatic;6;9;1;0;
66204;Chiefs;5;3;4;2;
66204;MVP PK;10;5;0;1;
62100;Cloud9;6;5;1;2;
62100;FaZe;7;4;1;3;
66168;Cloud9;1;1;3;5;
66168;TyLoo;3;6;2;5;
65545;Gambit;6;4;3;3;
65545;Liquid;1;6;1;0;
66273;mousesports;6;5;3;1;
66273;G2;3;2;1;3;
66205;BOOT-d[S];3;2;3;1;
66205;NRG;6;3;1;6;
62015;North;4;6;2;4;
62015;Heroic;2;1;2;2;
66272;Astralis;5;7;2;2;
66272;fnatic;4;2;2;1;
62222;fnatic;4;4;3;0;
62222;FaZe;10;2;0;3;
65465;Liquid;7;7;1;0;
65465;Gambit;1;3;0;3;
66203;NRG;3;10;0;3;
66203;BOOT-d[S];1;2;1;1;
65467;EnVyUs;9;4;3;0;
65467;G2;2;2;2;1;
66267;NRG;5;3;0;4;
66267;G2;3;6;3;3;
62068;North;4;6;0;1;
62068;NiP;5;5;1;3;
66207;Astralis;6;3;2;4;
66207;mousesports;6;0;2;1;
65646;fnatic;1;3;0;1;
65646;NiP;8;2;3;3;
65503;FaZe;2;5;1;2;
65503;Cloud9;6;7;1;2;
65537;FaZe;4;9;0;3;
65537;EnVyUs;3;0;0;0;
65544;Liquid;7;5;2;2;
65544;Gambit;3;2;2;4;
66448;Astralis;5;3;2;2;
66448;FaZe;6;4;3;1;
66171;Cloud9;4;3;1;5;
66171;TyLoo;4;6;3;3;
62057;NiP;7;3;1;3;
62057;North;5;5;4;2;
65457;Valiance;2;5;0;6;
65457;mousesports;1;8;2;5;
66261;NRG;2;1;1;2;
66261;G2;9;3;3;1;
66346;mousesports;1;3;7;4;
66346;Renegades;4;3;3;4;
61966;Renegades;3;1;1;1;
61966;Cloud9;7;3;6;0;
65459;fnatic;4;5;1;6;
65459;TyLoo;3;0;1;0;
66331;fnatic;5;1;1;1;
66331;FaZe;5;8;2;1;
61927;Cloud9;5;3;0;4;
61927;Liquid;6;3;2;5;
65542;Renegades;6;4;1;1;
65542;fnatic;7;3;3;3;
65460;G2;7;1;2;4;
65460;Cloud9;3;2;7;3;
62177;Liquid;5;2;2;2;
62177;fnatic;9;3;1;3;
66265;G2;5;5;2;1;
66265;NRG;4;6;4;1;
66451;Astralis;8;1;3;2;
66451;FaZe;10;2;2;2;
65650;fnatic;6;4;4;1;
65650;NiP;7;2;2;1;
66268;TyLoo;7;2;3;4;
66268;Renegades;7;0;1;3;
66334;fnatic;6;4;1;1;
66334;FaZe;8;6;1;0;
66160;FaZe;8;5;2;1;
66160;Renegades;6;4;2;0;
65504;FaZe;4;4;2;4;
65504;Cloud9;4;8;3;1;
66385;Astralis;8;3;2;1;
66385;mousesports;1;2;1;1;
62073;NiP;4;5;5;2;
62073;North;1;6;1;0;
66211;G2;7;3;1;5;
66211;fnatic;5;3;2;2;
66217;G2;6;5;2;1;
66217;fnatic;5;5;3;2;
65620;Gambit;9;4;1;0;
65620;Cloud9;7;3;2;1;
62161;FaZe;8;6;1;1;
62161;Astralis;2;3;1;3;
61955;Cloud9;10;3;1;1;
61955;Renegades;4;2;1;1;
65511;Natus Vincere;7;7;1;0;
65511;fnatic;6;4;2;2;
62013;North;3;2;0;1;
62013;FaZe;4;8;1;3;
66266;MVP PK;1;1;0;2;
66266;mousesports;2;12;0;2;
66379;FaZe;6;6;1;2;
66379;TyLoo;5;1;1;1;
66382;mousesports;0;1;0;2;
66382;Astralis;8;4;3;0;
62043;SK;2;5;0;6;
62043;Cloud9;2;5;2;7;
61977;fnatic;8;5;0;2;
61977;G2;2;3;2;3;
62128;NiP;10;3;2;1;
62128;Liquid;6;1;4;2;
62090;FaZe;11;2;2;1;
62090;Cloud9;2;2;1;0;
61973;Gambit;5;1;2;1;
61973;SK;10;3;1;0;
62024;G2;4;1;1;2;
62024;NiP;6;6;0;4;
66336;mousesports;6;4;4;2;
66336;Renegades;2;5;0;0;
65518;Astralis;9;3;4;0;
65518;Liquid;0;2;1;0;
62094;FaZe;2;7;0;3;
62094;Cloud9;3;6;2;5;
65541;SK;4;2;0;0;
65541;mousesports;11;3;1;0;
65632;FaZe;1;3;0;2;
65632;Astralis;8;5;2;1;
61948;NiP;8;7;0;1;
61948;ORDER;4;1;3;0;
62012;G2;2;5;2;5;
62012;NiP;4;8;1;3;
62014;G2;8;4;2;2;
62014;NiP;1;4;0;1;
66212;Cloud9;7;4;0;4;
66212;ORDER;3;5;2;3;
65540;mousesports;3;9;0;4;
65540;SK;2;7;0;1;
62011;North;5;5;1;3;
62011;Heroic;3;2;3;5;
65627;Gambit;7;5;4;0;
65627;Cloud9;1;3;1;1;
62036;Liquid;0;3;0;2;
62036;Astralis;6;4;2;2;
66446;Astralis;4;7;1;3;
66446;FaZe;3;9;2;1;
66158;Renegades;7;4;3;1;
66158;FaZe;8;1;0;1;
62040;FaZe;1;2;5;2;
62040;fnatic;6;5;2;3;
62032;Liquid;3;0;0;1;
62032;Astralis;5;6;0;5;
61953;Heroic;7;4;2;1;
61953;Virtus.pro;1;3;1;1;
61920;Gambit;6;7;2;1;
61920;TyLoo;2;5;0;2;
65536;FaZe;5;4;3;3;
65536;EnVyUs;7;4;1;2;
62213;FaZe;0;4;0;3;
62213;fnatic;7;6;1;2;
66219;FaZe;5;8;2;0;
66219;Grayhound;2;5;1;2;
61954;FaZe;7;6;1;2;
61954;North;0;6;1;1;
61949;Heroic;5;6;1;4;
61949;Virtus.pro;3;1;1;2;
61961;Cloud9;0;5;1;2;
61961;Renegades;7;6;1;2;
66270;TyLoo;6;4;3;3;
66270;Renegades;1;3;1;3;
66269;Cloud9;1;5;1;2;
66269;FaZe;6;5;2;3;
62206;FaZe;7;3;1;3;
62206;fnatic;8;4;1;2;
61916;Liquid;6;2;4;3;
61916;Cloud9;6;0;3;1;
66271;FaZe;2;7;3;4;
66271;Cloud9;1;2;3;0;
62025;Astralis;6;1;3;1;
62025;Liquid;7;4;3;1;
60170;FaZe;6;7;0;3;
60170;mousesports;4;4;1;0;
60026;fnatic;3;11;0;2;
60026;Gambit;1;0;0;0;
59977;Vega Squadron;1;2;0;0;
59977;mousesports;10;2;2;1;
60167;mousesports;5;8;1;1;
60167;FaZe;5;5;1;4;
60194;Natus Vincere;1;6;1;1;
60194;FaZe;8;6;0;2;
60219;FaZe;4;2;3;5;
60219;Cloud9;5;5;2;2;
59964;Cloud9;3;6;0;3;
59964;Space Soldiers;5;8;0;3;
60217;Cloud9;5;8;0;1;
60217;FaZe;5;8;1;2;
60031;Vega Squadron;2;1;1;0;
60031;Cloud9;11;2;3;0;
59993;G2;3;10;2;1;
59993;Quantum Bellator Fire;4;0;0;0;
59929;FaZe;3;6;2;4;
59929;fnatic;4;3;0;0;
59985;Natus Vincere;7;3;2;4;
59985;Liquid;5;0;3;1;
59936;SK;5;3;5;3;
59936;Space Soldiers;6;2;2;2;
60189;SK;5;5;2;4;
60189;fnatic;2;6;2;2;
60003;Gambit;11;3;1;0;
60003;Space Soldiers;6;2;4;0;
60188;fnatic;2;5;4;3;
60188;SK;5;5;2;4;
59935;Natus Vincere;2;3;0;0;
59935;Gambit;3;9;0;4;
60196;Cloud9;1;8;0;5;
60196;SK;1;0;1;1;
60032;Space Soldiers;1;5;3;3;
60032;mousesports;6;6;1;3;
59967;SK;3;5;5;2;
59967;mousesports;3;4;2;0;
59932;mousesports;3;10;0;3;
59932;Astralis;1;0;0;0;
61622;mousesports;4;7;0;5;
61622;Cloud9;2;7;1;4;
59930;Vega Squadron;6;3;2;5;
59930;North;2;4;1;3;
59968;Virtus.pro;3;0;2;1;
59968;fnatic;6;8;0;2;
58338;fnatic;4;8;2;1;
58338;Liquid;6;8;0;1;
58306;Astralis;6;8;0;2;
58306;Luminosity;2;6;0;3;
60023;Gambit;5;1;1;1;
60023;SK;9;3;2;0;
61607;HellRaisers;4;3;0;1;
61607;Renegades;4;7;1;4;
58867;Luminosity;5;5;2;0;
58867;fnatic;9;5;1;1;
61615;Heroic;0;3;0;1;
61615;Natus Vincere;5;5;5;0;
61808;mousesports;2;1;1;2;
61808;Natus Vincere;3;7;1;4;
60174;G2;4;2;0;1;
60174;Cloud9;10;1;2;3;
59927;BIG;0;4;1;0;
59927;Liquid;9;5;2;0;
59966;G2;11;2;1;2;
59966;Liquid;3;3;1;0;
61815;Natus Vincere;9;4;2;0;
61815;mousesports;9;3;0;1;
61724;Natus Vincere;2;4;0;3;
61724;Astralis;6;3;1;5;
58539;SK;7;5;3;1;
58539;Misfits;0;3;1;2;
61760;FaZe;6;0;0;1;
61760;Natus Vincere;5;6;2;3;
61706;SK;0;4;1;2;
61706;Liquid;2;8;0;6;
58344;Astralis;7;3;0;3;
58344;HellRaisers;5;4;3;3;
58349;SK;5;3;4;4;
58349;NiP;3;3;0;3;
59101;FaZe;7;3;3;3;
59101;fnatic;6;2;3;0;
59002;Cloud9;9;4;0;2;
59002;Liquid;7;0;2;1;
61752;FaZe;5;6;2;2;
61752;Natus Vincere;0;5;6;2;
61802;Liquid;10;4;2;0;
61802;FaZe;1;2;0;1;
61728;Natus Vincere;6;6;1;3;
61728;Astralis;4;7;0;1;
60015;Space Soldiers;2;8;0;6;
60015;BIG;0;5;1;2;
61715;Renegades;0;3;0;1;
61715;FaZe;8;4;1;1;
59969;BIG;0;1;0;0;
59969;Natus Vincere;11;2;1;0;
59999;BIG;6;8;0;2;
59999;North;2;5;0;4;
60183;fnatic;3;6;3;3;
60183;SK;5;6;1;3;
60001;Virtus.pro;2;5;0;0;
60001;Cloud9;7;3;3;3;
59965;FaZe;10;4;2;0;
59965;Vega Squadron;0;3;0;0;
61539;Gambit;2;1;3;2;
61539;HellRaisers;4;8;1;2;
61712;FaZe;6;4;1;4;
61712;Renegades;5;4;1;3;
58489;Misfits;7;5;3;1;
58489;HellRaisers;0;3;1;2;
58308;HellRaisers;7;4;4;1;
58308;Liquid;0;4;0;0;
58305;Liquid;4;2;5;3;
58305;FaZe;8;5;2;1;
58873;mousesports;0;2;1;1;
58873;OpTic;9;4;3;0;
59095;FaZe;10;3;1;0;
59095;fnatic;4;2;1;0;
61522;HellRaisers;7;6;2;1;
61522;MVP PK;3;5;1;1;
58361;North;4;4;5;2;
58361;NiP;7;3;2;3;
61821;mousesports;2;9;3;2;
61821;Natus Vincere;4;4;0;1;
61518;MVP PK;0;4;1;2;
61518;HellRaisers;7;5;2;2;
61519;Natus Vincere;6;7;0;3;
61519;FaZe;3;0;2;1;
58348;OpTic;2;4;2;2;
58348;North;3;6;2;4;
58329;NRG;7;5;1;2;
58329;North;3;4;0;2;
58881;fnatic;11;3;2;0;
58881;OpTic;0;2;0;0;
61758;Natus Vincere;4;8;2;2;
61758;FaZe;1;1;2;1;
58480;OpTic;6;3;2;2;
58480;fnatic;7;5;2;1;
58485;HellRaisers;5;6;1;3;
58485;Misfits;5;5;0;4;
58889;Astralis;3;7;4;1;
58889;Cloud9;2;5;2;2;
61747;mousesports;5;6;3;2;
61747;Liquid;1;4;1;3;
58327;NiP;5;5;1;3;
58327;NRG;4;6;2;3;
58534;fnatic;5;3;2;0;
58534;FaZe;7;6;1;2;
58479;OpTic;2;3;4;1;
58479;fnatic;8;5;3;0;
61613;Natus Vincere;9;0;2;0;
61613;Heroic;8;3;2;1;
61567;SK;5;7;2;2;
61567;Natus Vincere;3;0;1;1;
61700;SK;7;8;1;0;
61700;Liquid;0;5;1;2;
61610;Natus Vincere;6;5;2;3;
61610;Heroic;4;4;3;3;
58316;SK;7;8;0;1;
58316;North;4;1;2;0;
58347;fnatic;4;7;1;4;
58347;Astralis;2;2;2;1;
59086;mousesports;5;6;2;3;
59086;Astralis;2;3;4;0;
61556;SK;6;6;0;2;
61556;Natus Vincere;2;5;1;2;
58353;SK;6;6;1;3;
58353;NRG;1;5;0;3;
58354;NiP;5;4;2;2;
58354;Misfits;9;7;0;0;
58343;Luminosity;8;2;0;1;
58343;FaZe;5;4;3;2;
61554;Heroic;2;4;1;3;
61554;Astralis;4;5;2;3;
61534;TyLoo;4;1;2;0;
61534;Renegades;3;7;3;2;
58330;OpTic;9;5;1;1;
58330;Misfits;4;5;1;0;
61514;Natus Vincere;5;0;0;0;
61514;FaZe;5;5;2;4;
61701;Liquid;8;1;1;4;
61701;SK;6;3;3;2;
58346;FaZe;6;6;1;3;
58346;HellRaisers;5;1;1;0;
58322;OpTic;5;2;4;3;
58322;NiP;9;5;1;1;
58291;HellRaisers;2;7;0;5;
58291;Luminosity;1;7;2;5;
58289;FaZe;6;7;2;0;
58289;fnatic;6;7;2;0;
58899;Astralis;5;4;3;4;
58899;FaZe;1;4;3;3;
58317;Misfits;6;4;1;5;
58317;NRG;3;2;3;3;
61743;mousesports;4;9;1;2;
61743;Liquid;3;1;1;2;
58359;SK;8;6;0;1;
58359;Misfits;0;6;1;0;
59078;mousesports;3;1;2;1;
59078;Astralis;4;7;1;3;
61719;mousesports;5;4;3;3;
61719;G2;1;4;0;2;
61745;mousesports;2;0;2;0;
61745;Liquid;14;1;1;0;
61533;Cloud9;10;5;0;1;
61533;Virtus.pro;1;5;0;0;
61552;Liquid;0;7;4;5;
61552;mousesports;2;5;1;4;
58300;fnatic;1;0;3;1;
58300;HellRaisers;3;5;1;6;
58301;Astralis;7;6;2;0;
58301;Liquid;6;4;3;2;
61524;Natus Vincere;1;3;6;1;
61524;FaZe;7;4;0;3;
58603;SK;11;3;2;0;
58603;FaZe;6;0;0;2;
58971;Luminosity;5;1;3;0;
58971;mousesports;8;4;1;3;
61795;Liquid;11;2;1;1;
61795;FaZe;10;3;2;0;
61564;Heroic;4;0;0;0;
61564;Astralis;5;9;0;2;
61538;mousesports;1;7;3;4;
61538;Liquid;4;7;0;4;
58594;SK;6;5;1;2;
58594;FaZe;6;1;1;2;
59021;Cloud9;3;3;1;1;
59021;FaZe;10;4;1;1;
58357;OpTic;4;10;0;2;
58357;NRG;2;0;1;0;
59026;FaZe;9;3;2;2;
59026;Cloud9;3;2;3;2;
59006;mousesports;7;5;3;1;
59006;OpTic;2;5;0;0;
61733;Astralis;1;3;0;1;
61733;Natus Vincere;10;3;1;2;
59110;FaZe;5;3;4;1;
59110;mousesports;5;5;5;0;
58323;Misfits;7;6;1;2;
58323;North;2;4;0;3;
61604;Renegades;9;6;1;0;
61604;HellRaisers;6;3;3;1;
58337;Astralis;5;0;0;0;
58337;FaZe;4;7;2;3;
60195;Natus Vincere;4;1;1;1;
60195;FaZe;3;7;3;3;
61542;HellRaisers;6;1;0;3;
61542;Gambit;5;6;2;3;
58892;Liquid;7;2;2;1;
58892;FaZe;8;6;2;0;
61634;mousesports;9;3;0;3;
61634;Cloud9;7;1;1;5;
59016;OpTic;2;5;1;4;
59016;mousesports;2;10;2;2;
60016;Quantum Bellator Fire;11;2;2;0;
60016;mousesports;8;1;5;0;
60198;Cloud9;9;3;1;1;
60198;SK;1;2;5;1;
59114;FaZe;5;3;2;5;
59114;mousesports;4;7;3;1;
58326;SK;2;7;2;2;
58326;OpTic;3;4;1;6;
61786;Liquid;10;4;2;0;
61786;FaZe;0;1;0;2;
61721;G2;6;3;0;1;
61721;mousesports;6;5;4;0;
58310;fnatic;5;8;1;2;
58310;Luminosity;1;8;3;1;
58345;Luminosity;9;3;3;1;
58345;Liquid;1;3;0;0;
61536;Renegades;4;11;1;0;
61536;TyLoo;4;4;0;5;
58477;OpTic;4;6;1;4;
58477;fnatic;3;7;2;2;
60000;SK;1;8;1;2;
60000;FaZe;4;6;1;5;
60218;Cloud9;8;4;3;0;
60218;FaZe;6;2;1;1;
60172;Natus Vincere;5;9;0;2;
60172;Quantum Bellator Fire;4;1;0;2;
59958;Quantum Bellator Fire;6;4;3;2;
59958;Gambit;8;4;0;2;
61535;Virtus.pro;2;0;1;0;
61535;Cloud9;3;9;1;3;
58976;mousesports;3;8;0;5;
58976;Luminosity;1;1;1;0;
59072;mousesports;4;8;2;2;
59072;Astralis;1;8;2;1;
61512;mousesports;6;2;0;4;
61512;G2;9;4;0;3;
58587;SK;3;4;3;2;
58587;FaZe;6;5;0;3;
58541;SK;2;11;0;3;
58541;Misfits;0;0;0;0;
61541;Liquid;6;5;3;2;
61541;mousesports;4;3;1;3;
58530;FaZe;8;6;1;1;
58530;fnatic;1;5;0;1;
59970;Astralis;2;11;2;1;
59970;North;1;5;1;6;
61510;G2;5;4;5;1;
61510;mousesports;6;3;4;2;
58610;SK;6;4;1;4;
58610;FaZe;4;5;2;3;
60197;Cloud9;5;1;1;0;
60197;SK;6;7;2;1;
60025;Natus Vincere;12;4;0;0;
60025;fnatic;2;2;2;1;
58994;Cloud9;5;6;2;3;
58994;Liquid;5;6;1;2;
59120;mousesports;4;8;3;0;
59120;FaZe;6;7;1;1;
61551;HellRaisers;6;5;0;5;
61551;Gambit;5;2;0;3;
60173;G2;5;1;1;0;
60173;Cloud9;7;7;1;1;
59926;Quantum Bellator Fire;3;3;1;9;
59926;Virtus.pro;2;0;0;0;
59997;Astralis;4;1;0;2;
59997;fnatic;8;2;3;2;
59934;G2;7;5;3;1;
59934;Cloud9;2;3;1;2;
60017;Cloud9;6;6;1;3;
60017;Astralis;4;0;1;0;
60021;Vega Squadron;5;6;0;5;
60021;Liquid;3;5;1;3;
60171;Natus Vincere;13;3;0;0;
60171;Quantum Bellator Fire;2;2;0;0;
57353;Liquid;6;1;2;1;
57353;OpTic;7;4;2;3;
57530;FaZe;3;6;1;5;
57530;NiP;1;2;2;1;
57347;TheMongolz;2;1;0;3;
57347;Astralis;7;4;1;1;
57359;Liquid;5;0;0;0;
57359;FaZe;4;10;2;0;
57349;EnVyUs;4;3;0;4;
57349;NiP;6;5;2;3;
55807;G2;8;4;3;1;
55807;North;0;3;0;1;
57256;TheMongolz;3;4;0;1;
57256;Cloud9;5;5;4;1;
57804;G2;6;5;1;3;
57804;NiP;0;5;0;2;
57264;Astralis;4;0;2;0;
57264;Cloud9;5;6;2;3;
57361;Renegades;0;5;2;1;
57361;Gambit;3;9;1;3;
57248;EnVyUs;5;5;1;3;
57248;SK;6;5;1;3;
57276;Liquid;4;4;1;6;
57276;Renegades;3;9;1;1;
57287;Renegades;4;10;2;0;
57287;G2;3;3;2;1;
57288;Gambit;4;4;6;1;
57288;Liquid;7;4;2;1;
57267;Astralis;6;7;1;2;
57267;EnVyUs;2;6;1;2;
57324;Cloud9;0;3;0;1;
57324;NiP;10;3;0;2;
57335;TheMongolz;1;2;0;2;
57335;NiP;10;3;0;2;
57767;NiP;4;5;3;3;
57767;FaZe;4;5;3;3;
57245;Astralis;4;4;3;0;
57245;NiP;4;4;4;4;
57384;OpTic;2;0;0;0;
57384;SK;3;12;0;1;
52850;SK;8;3;4;0;
52850;Cloud9;3;2;0;0;
57277;FaZe;1;8;3;4;
57277;OpTic;2;0;1;0;
57352;FaZe;3;0;0;0;
57352;Gambit;4;11;0;1;
57340;EnVyUs;8;7;0;1;
57340;Cloud9;1;2;0;5;
57292;Renegades;8;2;2;0;
57292;FaZe;9;3;4;0;
57270;G2;4;5;3;1;
57270;FaZe;7;5;2;2;
57356;G2;3;5;3;4;
57356;Liquid;1;6;0;2;
57775;Astralis;9;1;5;0;
57775;NiP;2;0;3;0;
57269;OpTic;5;6;5;0;
57269;Gambit;1;3;1;2;
56004;SK;8;6;2;0;
56004;Astralis;4;3;2;2;
55847;North;3;7;1;0;
55847;Astralis;4;9;1;2;
55797;G2;11;2;3;0;
55797;North;0;1;0;0;
57769;North;5;7;1;2;
57769;G2;4;7;2;2;
52846;Virtus.pro;4;0;0;0;
52846;FaZe;4;8;2;2;
57785;FaZe;5;8;0;3;
57785;G2;3;3;1;1;
57294;G2;6;8;1;0;
57294;Gambit;4;7;3;1;
52969;Liquid;4;9;0;1;
52969;FaZe;4;7;0;4;
57796;NiP;7;3;5;0;
57796;North;0;2;0;0;
57788;Astralis;10;5;0;0;
57788;North;8;2;2;3;
56075;Virtus.pro;2;8;3;2;
56075;SK;1;7;2;2;
57534;NiP;3;2;1;0;
57534;FaZe;10;3;3;0;
57348;SK;1;4;1;1;
57348;Cloud9;7;5;3;1;
55856;Astralis;5;6;3;2;
55856;North;5;0;2;1;
56055;Astralis;7;5;2;0;
56055;G2;8;4;1;2;
57362;OpTic;4;5;2;4;
57362;G2;4;5;2;3;
57765;Astralis;10;3;1;0;
57765;SK;1;0;0;2;
56088;SK;5;4;2;3;
56088;Virtus.pro;7;5;0;2;
55715;Gambit;0;5;2;1;
55715;FaZe;1;10;2;2;
47297;Cloud9;4;3;1;0;
47297;Immortals;5;10;1;0;
57328;SK;5;6;1;3;
57328;Astralis;4;6;1;3;
47287;fnatic;9;3;3;0;
47287;Cloud9;4;2;0;0;
47259;fnatic;4;8;0;4;
47259;EnVyUs;0;4;3;2;
52865;Astralis;3;7;3;2;
52865;Liquid;4;4;2;5;
51939;Virtus.pro;1;0;1;0;
51939;Natus Vincere;3;8;2;3;
55744;North;3;10;1;2;
55744;Liquid;0;7;2;1;
55780;SK;0;5;0;2;
55780;FaZe;7;5;1;3;
56061;SK;6;5;2;2;
56061;Virtus.pro;0;4;0;2;
47269;Natus Vincere;3;9;0;3;
47269;mousesports;3;9;0;3;
55710;Astralis;0;3;0;1;
55710;G2;7;3;2;2;
52860;Liquid;8;2;5;1;
52860;Virtus.pro;2;2;1;0;
57830;Astralis;3;1;2;2;
57830;SK;6;5;0;5;
55737;North;9;1;1;2;
55737;Liquid;6;2;6;2;
57263;EnVyUs;3;9;1;3;
57263;TheMongolz;2;7;1;2;
47349;EnVyUs;1;7;2;0;
47349;Liquid;6;6;2;2;
47450;SK;6;2;4;0;
47450;G2;3;3;7;2;
57798;SK;1;4;0;2;
57798;FaZe;7;5;2;2;
52862;Cloud9;4;5;2;4;
52862;Natus Vincere;2;6;1;2;
47305;EnVyUs;0;1;0;0;
47305;fnatic;1;0;1;0;
56020;G2;3;2;1;3;
56020;Virtus.pro;10;4;0;2;
51953;Virtus.pro;0;5;1;1;
51953;Renegades;0;9;2;5;
57409;Gambit;4;4;0;3;
57409;Cloud9;6;5;1;3;
57797;Astralis;9;5;2;0;
57797;G2;0;4;0;0;
55705;SK;5;5;4;1;
55705;Virtus.pro;0;2;0;3;
52853;EnVyUs;2;4;4;1;
52853;Natus Vincere;6;7;1;2;
47453;Liquid;2;1;1;1;
47453;North;9;3;4;0;
56009;SK;4;6;0;5;
56009;Astralis;3;8;1;3;
52093;NiP;3;6;2;5;
52093;Natus Vincere;3;3;1;1;
51995;Gambit;1;11;0;2;
51995;NiP;2;9;0;4;
55772;Gambit;1;3;0;2;
55772;Virtus.pro;5;5;3;1;
57494;Cloud9;3;3;0;1;
57494;FaZe;6;4;4;1;
52033;Immortals;6;5;2;3;
52033;fnatic;6;1;1;0;
55774;Gambit;5;6;1;1;
55774;Virtus.pro;5;5;2;3;
52024;Natus Vincere;4;8;2;1;
52024;Renegades;3;5;0;3;
47294;EnVyUs;3;11;0;2;
47294;Immortals;2;0;0;0;
47253;G2;0;2;0;2;
47253;Cloud9;7;5;4;0;
52022;SK;5;9;0;1;
52022;Cloud9;5;1;0;3;
51987;SK;1;5;1;4;
51987;North;2;6;0;7;
56017;G2;6;7;2;1;
56017;Virtus.pro;4;6;3;1;
52054;SK;5;7;0;4;
52054;G2;3;6;0;1;
52851;FaZe;3;10;1;2;
52851;Astralis;3;2;0;1;
52914;SK;6;2;1;5;
52914;Liquid;5;5;2;3;
55730;Gambit;5;4;3;3;
55730;FaZe;7;4;1;3;
57391;OpTic;2;5;4;1;
57391;SK;4;7;4;0;
51940;North;8;4;1;2;
51940;Cloud9;7;1;0;0;
47308;EnVyUs;1;0;1;0;
47308;SK;0;0;0;1;
47254;Immortals;2;3;2;2;
47254;fnatic;7;6;3;0;
55775;Astralis;4;7;1;3;
55775;Liquid;2;4;0;5;
51948;G2;2;8;2;3;
51948;EnVyUs;2;9;1;1;
52847;Astralis;8;4;1;3;
52847;Liquid;6;3;2;2;
55711;Gambit;10;3;1;0;
55711;FaZe;8;3;4;0;
52055;SK;4;6;2;3;
52055;G2;5;6;1;3;
55707;Virtus.pro;1;2;1;3;
55707;SK;6;6;2;0;
52013;Immortals;6;3;0;6;
52013;G2;3;5;2;3;
57266;SK;9;5;1;1;
57266;TheMongolz;0;4;1;1;
52059;SK;3;6;1;1;
52059;G2;2;4;2;4;
57805;North;5;3;2;1;
57805;SK;3;5;5;2;
52971;FaZe;10;4;1;1;
52971;Liquid;0;3;0;1;
47298;EnVyUs;3;7;1;5;
47298;SK;1;0;2;0;
57355;OpTic;1;2;1;1;
57355;Renegades;2;7;2;5;
47310;fnatic;0;0;0;0;
47310;SK;0;2;0;1;
52155;Gambit;6;0;0;0;
52155;North;7;4;0;5;
52152;North;8;4;2;1;
52152;Gambit;7;4;3;1;
56014;G2;7;0;0;2;
56014;Virtus.pro;5;7;2;1;
52131;NiP;5;2;0;1;
52131;G2;8;3;3;1;
52011;G2;4;4;2;5;
52011;Immortals;5;5;1;1;
47258;SK;6;6;4;0;
47258;Immortals;0;2;0;3;
52023;Natus Vincere;11;3;1;0;
52023;Renegades;8;0;0;2;
47318;Liquid;6;4;2;4;
47318;North;5;2;2;1;
51938;Renegades;0;2;1;0;
51938;Astralis;11;3;2;0;
55747;Liquid;4;3;2;2;
55747;North;6;7;0;2;
52857;EnVyUs;2;6;0;0;
52857;Natus Vincere;5;7;4;0;
52966;Liquid;2;0;1;0;
52966;FaZe;11;1;4;0;
52171;G2;3;4;2;7;
52171;North;1;2;2;6;
51945;FaZe;5;2;1;0;
51945;NiP;5;6;1;3;
52845;SK;9;5;0;1;
52845;EnVyUs;6;3;1;2;
47277;NRG;4;2;2;4;
47277;Liquid;5;6;2;2;
47288;G2;4;2;1;3;
47288;Immortals;4;9;2;1;
47314;North;4;4;4;3;
47314;OpTic;7;3;1;3;
52028;FaZe;5;5;2;1;
52028;Gambit;7;4;2;3;
51943;Immortals;8;5;2;1;
51943;fnatic;6;2;2;3;
47313;mousesports;5;7;1;1;
47313;OpTic;4;7;0;0;
47315;mousesports;5;4;3;4;
47315;Liquid;4;2;3;3;
57490;NiP;0;3;1;4;
57490;SK;4;5;4;3;
52134;G2;5;4;2;3;
52134;NiP;5;5;1;2;
57408;Gambit;6;2;1;2;
57408;Cloud9;6;8;2;0;
47262;SK;9;3;3;1;
47262;fnatic;0;2;0;1;
51944;mousesports;0;3;2;1;
51944;Gambit;10;4;1;1;
52099;Astralis;5;6;1;1;
52099;Gambit;4;6;1;3;
52917;Cloud9;2;0;1;0;
52917;FaZe;4;8;0;4;
51985;SK;3;9;1;3;
51985;North;2;1;0;1;
51952;BOOT-d[S];0;2;0;0;
51952;Cloud9;9;3;4;0;
57837;Astralis;4;2;5;4;
57837;SK;6;4;3;2;
47492;G2;12;3;0;1;
47492;North;2;3;0;0;
56068;Virtus.pro;5;3;5;0;
56068;SK;6;2;6;1;
57774;North;5;7;2;2;
57774;FaZe;4;7;1;1;
52848;Cloud9;4;8;1;3;
52848;Natus Vincere;3;6;1;3;
52014;Immortals;2;5;1;1;
52014;G2;5;7;0;4;
55837;Virtus.pro;9;1;1;4;
55837;FaZe;5;3;2;1;
57257;SK;4;11;0;1;
57257;NiP;2;8;0;3;
52861;Cloud9;8;4;0;4;
52861;Natus Vincere;4;3;3;0;
55779;Astralis;4;6;2;3;
55779;Liquid;4;3;1;3;
47493;G2;6;2;5;0;
47493;North;10;3;3;0;
52006;Gambit;3;1;2;0;
52006;NiP;6;8;0;1;
56059;SK;4;4;1;1;
56059;Virtus.pro;7;4;1;2;
51991;Astralis;7;6;0;1;
51991;Natus Vincere;0;6;0;0;
51959;mousesports;2;6;1;0;
51959;FaZe;6;6;3;1;
52030;Immortals;5;10;1;0;
52030;fnatic;1;8;0;1;
47316;NRG;1;5;3;1;
47316;mousesports;3;7;2;4;
57492;SK;4;5;0;2;
57492;NiP;7;4;0;4;
47490;North;1;6;2;4;
47490;G2;3;7;2;4;
52102;Astralis;3;1;1;1;
52102;Gambit;7;3;6;0;
52021;Cloud9;7;2;1;2;
52021;SK;5;3;4;3;
47494;North;1;1;0;1;
47494;G2;10;3;3;0;
47455;North;4;2;7;2;
47455;Liquid;6;4;5;0;
55835;Virtus.pro;0;2;0;0;
55835;FaZe;10;3;3;0;
57807;Astralis;5;6;1;4;
57807;FaZe;4;5;1;4;
52110;North;11;3;1;1;
52110;Immortals;1;1;2;2;
56057;Astralis;1;8;0;2;
56057;G2;4;7;1;4;
52002;Gambit;4;6;1;3;
52002;NiP;4;7;2;2;
47266;Liquid;3;0;0;0;
47266;Natus Vincere;5;7;0;4;
56048;G2;7;2;1;3;
56048;Astralis;9;4;1;2;
47312;Natus Vincere;2;12;1;1;
47312;NRG;1;3;1;0;
51986;North;7;5;1;3;
51986;SK;6;1;1;0;
47263;EnVyUs;4;8;2;1;
47263;Cloud9;4;4;2;1;
47274;OpTic;3;2;0;0;
47274;Liquid;4;10;0;2;
47295;G2;8;6;0;0;
47295;SK;1;3;0;2;
57488;SK;6;2;1;0;
57488;NiP;6;6;1;2;
57498;Cloud9;2;0;1;2;
57498;FaZe;5;9;0;2;
52063;Natus Vincere;6;6;4;0;
52063;NiP;1;4;0;1;
57784;NiP;0;2;2;0;
57784;SK;3;11;0;2;
47267;mousesports;3;5;4;3;
47267;North;4;5;2;3;
52868;Astralis;7;2;2;1;
52868;Liquid;7;2;2;4;
47246;Cloud9;0;5;0;2;
47246;SK;3;8;4;0;
47299;fnatic;4;3;2;2;
47299;G2;8;4;2;2;
57772;SK;3;13;0;0;
57772;G2;2;6;0;0;
52026;Gambit;5;3;6;1;
52026;FaZe;3;2;2;1;
57404;Cloud9;8;4;1;2;
57404;Gambit;9;4;0;2;
47350;EnVyUs;1;1;2;0;
47350;Liquid;10;2;3;0;
47344;SK;5;7;2;2;
47344;mousesports;0;4;0;4;
51992;Astralis;7;6;0;3;
51992;Natus Vincere;5;2;1;2;
52859;Liquid;3;0;1;1;
52859;Virtus.pro;5;6;1;4;
52856;Virtus.pro;3;2;3;2;
52856;Liquid;6;4;1;5;
52115;North;5;6;3;1;
52115;Immortals;6;5;2;2;
55842;Virtus.pro;6;4;3;1;
55842;FaZe;7;2;2;2;
52087;NiP;8;5;2;0;
52087;Natus Vincere;8;5;2;0;
47317;OpTic;6;6;1;1;
47317;Natus Vincere;1;3;1;3;
57527;NiP;6;4;2;3;
57527;FaZe;3;6;1;0;
52916;FaZe;8;3;3;2;
52916;Cloud9;0;3;0;1;
57532;NiP;5;5;3;3;
57532;FaZe;6;1;1;2;
52176;G2;7;3;1;4;
52176;North;7;1;0;0;
47276;North;8;5;0;3;
47276;Natus Vincere;4;6;2;1;
57823;Astralis;3;8;2;3;
57823;SK;1;3;2;4;
55784;SK;6;8;2;0;
55784;FaZe;0;4;1;3;
47347;EnVyUs;3;7;1;5;
47347;Liquid;0;8;2;3;
51937;BOOT-d[S];0;2;0;0;
51937;SK;8;3;5;0;
55773;Virtus.pro;5;6;2;0;
55773;Gambit;3;7;5;1;
52910;SK;4;9;0;2;
52910;Liquid;4;0;0;1;
47270;NRG;2;4;3;6;
47270;OpTic;3;7;2;3;
47340;mousesports;1;3;0;3;
47340;SK;6;7;2;0;
47273;NRG;4;1;2;0;
47273;North;12;2;1;0;
47249;EnVyUs;8;3;2;1;
47249;G2;9;5;2;0;
55709;G2;3;7;3;3;
55709;Astralis;1;9;2;0;
52864;Liquid;5;5;2;4;
52864;Astralis;4;7;2;1;
52025;FaZe;7;6;3;0;
52025;Gambit;8;2;1;0;
47445;G2;5;6;1;3;
47445;SK;3;5;1;3;
51957;EnVyUs;0;7;2;2;
51957;fnatic;5;9;1;1;
57535;FaZe;5;4;1;0;
57535;NiP;5;5;1;4;
52906;Liquid;4;2;6;2;
52906;SK;9;3;2;1;
49117;Heroic;4;6;1;3;
49117;North;5;5;1;5;
52919;Immortals;2;8;2;2;
52919;fnatic;4;7;1;4;
52451;FaZe;4;3;3;4;
52451;Natus Vincere;0;4;0;2;
52444;Renegades;2;6;0;1;
52444;FaZe;7;5;1;3;
49670;PENTA;6;4;1;1;
49670;SK;9;5;1;1;
52867;North;5;6;4;1;
52867;fnatic;4;6;3;0;
54007;Liquid;3;7;2;4;
54007;SK;1;1;3;3;
53965;Heroic;1;1;0;0;
53965;Astralis;6;2;8;0;
52448;G2;0;7;0;2;
52448;Natus Vincere;5;6;1;4;
49953;Gambit;4;2;1;1;
49953;Astralis;5;6;0;4;
53252;NiP;5;1;0;0;
53252;Cloud9;5;6;1;4;
42291;North;3;1;2;1;
42291;SK;6;7;1;2;
45619;Astralis;7;4;2;2;
45619;Chiefs;0;5;0;0;
49211;Cloud9;3;3;1;3;
49211;NiP;5;8;1;2;
48311;FaZe;4;7;4;1;
48311;OpTic;5;1;2;1;
48334;Cloud9;3;6;2;4;
48334;Astralis;3;6;2;4;
42263;Natus Vincere;7;4;2;3;
42263;SK;4;2;4;2;
44078;North;7;6;1;1;
44078;FaZe;4;3;3;3;
52869;North;6;5;1;3;
52869;Immortals;6;5;1;3;
48323;FaZe;2;1;2;2;
48323;SK;5;8;1;2;
49151;Cloud9;4;3;2;5;
49151;mousesports;4;4;3;4;
45691;OpTic;7;5;2;2;
45691;Chiefs;0;3;3;3;
49058;Natus Vincere;8;4;3;0;
49058;Space Soldiers;2;2;4;1;
49874;fnatic;1;6;3;2;
49874;Gambit;7;8;0;1;
44074;Gambit;4;5;0;4;
44074;CLG;5;9;0;1;
44141;Astralis;8;4;1;1;
44141;Natus Vincere;4;2;0;2;
44082;FaZe;5;6;2;2;
44082;SK;0;5;0;2;
48427;Astralis;5;5;2;3;
48427;Liquid;2;5;1;2;
40928;GODSENT;0;3;0;0;
40928;EnVyUs;10;4;2;0;
41007;FaZe;0;4;0;1;
41007;SK;8;6;2;0;
45620;FaZe;11;4;1;0;
45620;Renegades;0;2;1;1;
42201;FaZe;5;8;0;3;
42201;Immortals;3;2;1;0;
42230;fnatic;11;2;0;0;
42230;Immortals;9;2;4;1;
40956;SK;6;6;2;1;
40956;Astralis;4;4;3;3;
53357;NiP;5;8;0;3;
53357;EnVyUs;2;4;0;1;
45680;ViCi;0;3;0;1;
45680;Renegades;4;4;4;1;
49207;NiP;4;0;6;0;
49207;Cloud9;8;4;3;1;
40963;GODSENT;6;5;1;2;
40963;North;3;5;5;2;
40912;Natus Vincere;11;3;0;1;
40912;EnVyUs;3;2;0;1;
52863;mousesports;1;5;0;2;
52863;Immortals;7;6;0;2;
42200;OpTic;1;5;4;2;
42200;Astralis;2;7;6;1;
49121;Cloud9;8;5;2;1;
49121;Immortals;4;1;1;4;
49027;Natus Vincere;3;7;3;2;
49027;Cloud9;4;4;1;5;
42216;NiP;5;7;1;0;
42216;Immortals;8;7;0;1;
40967;Astralis;10;4;2;0;
40967;Liquid;0;2;0;1;
42198;NiP;2;10;0;2;
42198;fnatic;1;11;1;2;
49067;fnatic;5;4;2;0;
49067;FaZe;7;3;2;4;
49128;SK;8;1;1;1;
49128;G2;5;2;2;4;
48453;Cloud9;1;3;0;1;
48453;FaZe;6;4;3;1;
54988;FaZe;8;2;3;1;
54988;Astralis;10;1;2;1;
45688;FaZe;4;5;2;5;
45688;OpTic;4;1;1;0;
49701;mousesports;6;7;1;1;
49701;FaZe;5;4;1;4;
48314;SK;8;4;4;0;
48314;G2;3;3;0;0;
53961;Heroic;5;5;4;0;
53961;SK;1;4;0;0;
53261;EnVyUs;0;1;0;1;
53261;Cloud9;9;2;4;1;
42229;OpTic;6;5;1;1;
42229;NiP;6;5;2;3;
52562;G2;2;12;1;1;
52562;Renegades;1;0;0;0;
42214;Astralis;6;7;0;1;
42214;fnatic;5;3;2;5;
48457;FaZe;1;10;2;2;
48457;Cloud9;2;9;1;3;
42284;Virtus.pro;10;4;1;1;
42284;SK;8;3;2;1;
49769;Virtus.pro;5;0;2;4;
49769;Gambit;5;4;3;4;
42213;FaZe;10;4;1;1;
42213;NiP;2;1;0;3;
45820;SK;3;6;2;5;
45820;OpTic;3;3;0;0;
42256;Virtus.pro;6;1;1;0;
42256;Natus Vincere;6;6;3;1;
49299;Cloud9;4;3;0;1;
49299;SK;4;9;2;1;
40962;Gambit;6;8;2;0;
40962;FaZe;5;4;1;3;
53362;EnVyUs;7;6;1;2;
53362;NiP;4;0;3;2;
40920;GODSENT;5;3;0;1;
40920;Gambit;9;5;2;0;
42212;Immortals;9;4;1;1;
42212;Astralis;7;4;1;0;
48389;Liquid;9;4;1;2;
48389;fnatic;1;4;0;1;
52576;Natus Vincere;3;6;1;0;
52576;G2;6;4;0;5;
48984;Heroic;3;4;2;5;
48984;FaZe;3;2;1;8;
45687;North;1;8;0;2;
45687;Chiefs;3;8;2;3;
49003;NiP;4;5;5;2;
49003;Cloud9;5;4;0;2;
42269;Astralis;0;2;0;0;
42269;FaZe;1;0;0;0;
49046;Heroic;11;2;2;1;
49046;Virtus.pro;5;2;1;0;
45689;Renegades;0;2;0;1;
45689;Astralis;9;3;2;1;
49812;Virtus.pro;3;5;5;3;
49812;Cloud9;4;2;3;1;
45819;OpTic;0;1;0;0;
45819;SK;10;2;3;0;
42343;North;3;1;0;1;
42343;Immortals;4;8;1;3;
42289;Cloud9;4;5;0;3;
42289;North;4;4;1;7;
54526;Heroic;3;0;3;1;
54526;SK;5;5;2;3;
49051;TyLoo;8;1;0;0;
49051;Cloud9;9;5;0;2;
40952;mousesports;0;4;0;0;
40952;Liquid;9;4;1;1;
41012;SK;5;4;4;1;
41012;Virtus.pro;8;3;2;2;
49707;Immortals;5;9;1;1;
49707;Vega Squadron;4;0;1;1;
49282;FaZe;1;1;0;1;
49282;SK;10;2;2;1;
45822;FaZe;4;9;0;3;
45822;Astralis;3;6;0;4;
49758;Natus Vincere;5;3;1;1;
49758;Immortals;2;6;4;3;
49966;Gambit;5;6;1;3;
49966;Immortals;2;3;4;2;
43993;UYA;0;2;0;1;
43993;CLG;9;3;2;1;
43947;MVP Project;2;0;2;0;
43947;Virtus.pro;4;10;1;1;
41011;Astralis;4;9;0;3;
41011;fnatic;1;1;2;1;
42257;Cloud9;7;5;2;2;
42257;SK;1;6;2;0;
54801;G2;2;5;0;4;
54801;Cloud9;4;8;1;2;
49684;Astralis;7;6;2;0;
49684;Immortals;2;2;7;4;
40988;Gambit;4;1;2;0;
40988;fnatic;2;6;4;3;
49873;fnatic;5;5;2;1;
49873;Gambit;5;6;3;1;
49059;North;5;1;1;2;
49059;SK;7;5;0;3;
41009;Astralis;8;6;1;0;
41009;fnatic;4;5;5;1;
49797;Astralis;4;9;2;1;
49797;G2;2;1;3;0;
48502;SK;9;2;3;0;
48502;FaZe;8;1;5;1;
49678;Natus Vincere;8;2;3;0;
49678;G2;8;3;3;0;
48365;G2;4;6;1;5;
48365;OpTic;0;1;4;0;
44038;CLG;0;7;1;3;
44038;HellRaisers;1;8;1;6;
49881;Immortals;9;2;2;1;
49881;BIG;11;2;0;1;
40944;OpTic;3;8;1;3;
40944;FlipSid3;2;7;1;3;
42424;Astralis;9;4;1;2;
42424;FaZe;3;3;4;2;
54881;FaZe;10;3;3;0;
54881;EnVyUs;1;1;0;1;
54815;Cloud9;6;6;2;2;
54815;G2;6;0;1;1;
49814;FlipSid3;1;3;0;2;
49814;Immortals;5;4;5;2;
54527;SK;3;0;2;0;
54527;Heroic;5;4;1;6;
44013;Virtus.pro;0;0;1;1;
44013;SK;2;12;0;2;
40937;G2;3;1;1;0;
40937;Astralis;5;11;0;0;
49954;Gambit;6;6;2;1;
49954;Astralis;2;4;2;2;
48417;Liquid;1;1;2;0;
48417;Astralis;1;9;3;3;
49956;Immortals;5;3;5;2;
49956;Virtus.pro;5;3;1;1;
40987;fnatic;2;0;1;0;
40987;Gambit;2;9;2;3;
40887;HellRaisers;3;1;0;2;
40887;SK;5;9;0;2;
49718;G2;4;1;1;0;
49718;Gambit;5;9;1;1;
54873;FaZe;3;7;4;1;
54873;EnVyUs;3;6;2;1;
49766;fnatic;2;1;5;3;
49766;Astralis;7;2;3;3;
42228;FaZe;2;2;2;2;
42228;Astralis;5;8;0;3;
40951;fnatic;3;6;4;3;
40951;EnVyUs;3;5;0;3;
40911;HellRaisers;3;1;1;2;
40911;mousesports;10;3;2;1;
42220;FaZe;4;6;2;4;
42220;OpTic;3;8;0;1;
49724;SK;0;12;2;1;
49724;Astralis;1;4;0;2;
49875;Astralis;5;2;1;6;
49875;SK;1;6;3;1;
49667;Virtus.pro;3;8;0;5;
49667;Vega Squadron;1;0;1;0;
40921;G2;6;5;1;1;
40921;Virtus.pro;7;6;2;1;
40902;FaZe;6;7;3;0;
40902;FlipSid3;3;5;0;1;
43968;NiP;3;2;1;0;
43968;G2;10;1;2;2;
44154;Astralis;7;1;1;4;
44154;FaZe;5;2;4;3;
49181;G2;7;3;4;1;
49181;Natus Vincere;9;3;1;1;
44142;Astralis;7;4;2;1;
44142;Natus Vincere;5;2;1;2;
45618;ViCi;1;3;0;2;
45618;SK;9;5;1;1;
42390;Astralis;5;3;4;4;
42390;Heroic;5;4;2;0;
40901;GODSENT;10;3;2;1;
40901;Astralis;1;3;1;0;
44120;fnatic;0;0;6;2;
44120;Natus Vincere;4;7;3;2;
49878;Astralis;5;7;1;3;
49878;SK;2;1;3;0;
42350;Natus Vincere;0;1;1;0;
42350;Astralis;1;11;0;3;
44051;G2;7;3;4;1;
44051;SK;2;3;2;0;
44125;CLG;2;1;6;1;
44125;Astralis;5;4;5;2;
44128;Astralis;4;5;1;4;
44128;CLG;2;8;3;0;
49755;North;7;5;1;2;
49755;mousesports;6;4;0;3;
49035;mousesports;3;10;1;1;
49035;FaZe;3;5;1;3;
45916;FaZe;6;1;2;1;
45916;SK;6;4;4;2;
42266;Heroic;3;6;3;3;
42266;North;6;6;0;3;
42330;Immortals;0;12;2;1;
42330;North;1;6;0;6;
45683;OpTic;4;9;1;2;
45683;Chiefs;3;0;1;0;
40891;Natus Vincere;9;3;2;0;
40891;mousesports;1;2;0;0;
49962;Gambit;2;1;0;0;
49962;Immortals;4;9;0;3;
43974;UYA;3;2;0;4;
43974;Natus Vincere;4;8;0;4;
54968;North;0;6;2;3;
54968;FaZe;4;8;2;2;
40941;FaZe;6;3;2;4;
40941;Liquid;6;6;2;1;
49072;mousesports;7;1;2;0;
49072;NiP;8;5;2;1;
49099;fnatic;10;3;2;0;
49099;Space Soldiers;1;1;0;1;
49658;mousesports;6;1;2;1;
49658;Gambit;7;5;2;2;
41004;FaZe;1;0;1;0;
41004;SK;4;8;0;4;
42277;Virtus.pro;4;3;3;2;
42277;North;10;4;0;2;
40976;Astralis;1;10;2;2;
40976;Natus Vincere;2;3;1;1;
42287;Natus Vincere;5;3;2;2;
42287;Heroic;3;5;4;3;
48422;Astralis;2;4;1;2;
48422;Liquid;6;6;3;1;
48488;FaZe;4;9;0;1;
48488;SK;4;6;1;0;
49223;FaZe;9;2;3;1;
49223;Liquid;0;2;3;0;
43960;HellRaisers;4;6;4;1;
43960;FaZe;3;4;0;2;
48474;SK;5;4;0;2;
48474;Astralis;4;4;3;5;
49001;TyLoo;1;7;0;1;
49001;G2;4;8;3;1;
43998;Astralis;1;6;2;5;
43998;North;3;8;1;3;
40992;North;6;5;2;2;
40992;Virtus.pro;6;4;0;2;
48378;Liquid;8;6;2;0;
48378;fnatic;1;4;0;1;
40896;Liquid;4;6;2;3;
40896;EnVyUs;5;8;1;1;
45834;FaZe;3;8;4;1;
45834;Astralis;5;3;1;0;
44112;North;6;5;0;5;
44112;HellRaisers;4;4;1;0;
44033;FaZe;4;6;3;3;
44033;Gambit;4;5;1;2;
42384;FaZe;7;5;2;2;
42384;Immortals;2;5;1;1;
45686;SK;5;2;3;4;
45686;Astralis;9;2;0;1;
54963;Cloud9;2;4;4;3;
54963;Astralis;5;5;2;3;
42387;FaZe;9;5;0;1;
42387;Immortals;8;1;1;0;
40931;North;4;4;2;4;
40931;HellRaisers;4;5;3;3;
40925;fnatic;6;2;4;4;
40925;mousesports;5;0;3;2;
54890;Heroic;0;3;2;2;
54890;North;8;3;1;3;
44088;fnatic;9;3;4;0;
44088;NiP;2;2;2;0;
49040;Natus Vincere;2;1;1;3;
49040;Liquid;8;3;3;2;
39842;Cloud9;11;0;1;0;
39842;OpTic;11;3;2;0;
39726;FaZe;6;6;0;4;
39726;Cloud9;4;0;0;1;
44115;North;4;2;2;3;
44115;HellRaisers;6;4;1;5;
45624;FaZe;4;1;1;0;
45624;Astralis;6;9;1;0;
39853;Dignitas;2;4;3;0;
39853;SK;4;8;2;2;
44043;NiP;9;5;2;0;
44043;Virtus.pro;0;4;1;0;
39893;OpTic;2;1;2;0;
39893;Astralis;11;1;2;1;
39849;FaZe;3;3;2;2;
39849;OpTic;8;4;2;2;
39761;FaZe;0;3;0;0;
39761;Astralis;9;4;2;0;
54824;fnatic;0;1;2;2;
54824;Astralis;9;3;3;1;
45909;SK;12;3;0;1;
45909;FaZe;4;1;5;2;
39762;SK;2;3;1;1;
39762;Dignitas;3;8;0;4;
39771;EnVyUs;11;4;1;0;
39771;Dignitas;0;2;0;1;
39844;OpTic;3;6;2;4;
39844;Cloud9;3;6;1;4;
45623;Renegades;5;0;0;0;
45623;Chiefs;8;1;6;0;
39768;EnVyUs;5;7;0;3;
39768;Immortals;2;7;3;3;
42296;Heroic;7;2;1;6;
42296;Virtus.pro;6;5;1;2;
49232;OpTic;11;3;2;0;
49232;SK;6;2;2;0;
39855;SK;5;6;2;3;
39855;Dignitas;2;3;3;1;
44106;FaZe;3;5;2;1;
44106;G2;6;6;2;1;
49236;SK;9;2;3;1;
49236;OpTic;5;1;1;1;
49665;fnatic;5;5;2;4;
49665;FlipSid3;2;7;2;1;
48368;OpTic;5;1;0;0;
48368;G2;6;5;0;5;
44084;Immortals;1;6;0;1;
44084;CLG;5;6;3;2;
43963;fnatic;4;6;2;4;
43963;Gambit;4;1;0;2;
49710;BIG;2;6;2;6;
49710;Cloud9;2;5;1;3;
49150;North;0;4;1;2;
49150;FaZe;7;6;2;1;
49300;Cloud9;1;5;0;5;
49300;SK;3;10;1;1;
42273;Immortals;0;1;0;0;
42273;Astralis;2;0;0;0;
44026;TyLoo;3;6;3;2;
44026;MVP Project;6;6;1;2;
39854;Dignitas;7;3;3;1;
39854;SK;2;3;2;0;
40993;Virtus.pro;9;3;2;0;
40993;North;10;0;2;1;
42281;Virtus.pro;5;6;0;5;
42281;Cloud9;2;0;2;0;
39724;Astralis;4;5;3;3;
39724;OpTic;4;0;3;0;
44008;MVP Project;6;2;0;0;
44008;NiP;6;6;2;2;
52560;G2;10;4;2;0;
52560;Renegades;5;2;1;1;
43957;Astralis;5;3;4;3;
43957;CLG;5;1;3;1;
44000;HellRaisers;2;0;0;0;
44000;G2;3;11;0;2;
44103;G2;3;1;2;0;
44103;FaZe;6;5;1;4;
49061;G2;6;6;0;4;
49061;Immortals;4;2;1;0;
48327;fnatic;6;2;0;0;
48327;Cloud9;1;7;5;2;
39833;OpTic;5;2;1;0;
39833;Cloud9;5;7;2;2;
39890;OpTic;6;5;2;3;
39890;EnVyUs;5;5;0;2;
40935;Virtus.pro;5;5;3;3;
40935;Gambit;1;4;2;3;
49671;BIG;5;4;3;4;
49671;FaZe;5;1;1;0;
45910;FaZe;4;2;0;1;
45910;SK;2;8;3;3;
44030;UYA;4;3;0;4;
44030;Immortals;8;8;0;0;
42422;FaZe;7;1;1;2;
42422;Astralis;8;5;1;1;
44077;Virtus.pro;2;0;0;0;
44077;fnatic;2;6;1;7;
45827;Astralis;7;7;1;1;
45827;FaZe;2;5;1;2;
49039;SK;2;7;1;4;
49039;Space Soldiers;3;10;1;2;
49303;SK;9;3;2;2;
49303;Cloud9;7;2;3;2;
40940;Natus Vincere;6;4;3;0;
40940;SK;0;2;0;1;
39892;SK;3;0;1;0;
39892;Astralis;4;8;1;3;
48482;SK;4;6;1;3;
48482;Astralis;2;3;2;5;
44140;HellRaisers;9;3;2;0;
44140;FaZe;11;2;1;2;
49041;SK;8;4;4;0;
49041;Virtus.pro;1;1;3;2;
49706;FlipSid3;1;5;1;2;
49706;Natus Vincere;6;7;0;1;
42205;Astralis;2;9;2;2;
42205;NiP;2;8;2;3;
39888;OpTic;3;11;0;2;
39888;EnVyUs;2;1;0;0;
39848;Immortals;7;6;0;0;
39848;SK;6;4;3;3;
39852;FaZe;1;2;0;1;
39852;OpTic;9;4;3;0;
54528;SK;1;4;2;0;
54528;Heroic;6;5;3;0;
41025;Virtus.pro;5;5;0;4;
41025;Astralis;2;6;4;4;
43992;TyLoo;6;6;0;1;
43992;Gambit;4;8;4;0;
44056;fnatic;1;4;3;2;
44056;Astralis;6;6;2;2;
44139;HellRaisers;8;3;1;1;
44139;FaZe;8;5;1;1;
44039;North;2;2;1;5;
44039;Natus Vincere;1;8;2;3;
49792;fnatic;4;3;5;3;
49792;Natus Vincere;6;2;3;1;
39894;Astralis;6;5;3;2;
39894;OpTic;3;3;1;3;
49951;Virtus.pro;6;7;2;0;
49951;North;4;2;4;0;
49887;Immortals;10;3;3;0;
49887;BIG;4;1;1;1;
53365;EnVyUs;9;4;3;0;
53365;NiP;3;2;0;1;
41014;SK;9;3;0;2;
41014;Virtus.pro;10;5;0;1;
44146;Astralis;2;2;0;2;
44146;FaZe;8;4;1;1;
49036;Immortals;5;5;3;2;
49036;Liquid;4;5;3;2;
41000;SK;2;3;1;1;
41000;FaZe;2;5;0;7;
39850;OpTic;12;3;0;0;
39850;FaZe;10;2;2;1;
49728;Virtus.pro;11;4;1;0;
49728;fnatic;5;3;3;0;
49215;Cloud9;6;7;0;3;
49215;NiP;3;1;2;0;
49749;FaZe;4;3;0;3;
49749;FlipSid3;3;7;1;4;
52913;mousesports;9;5;1;1;
52913;fnatic;7;5;1;0;
40991;North;2;1;1;0;
40991;Virtus.pro;11;2;2;0;
45684;FaZe;2;8;1;3;
45684;North;1;10;2;1;
49955;Virtus.pro;3;1;0;0;
49955;Immortals;4;6;1;5;
49759;G2;5;8;0;0;
49759;Cloud9;6;5;0;3;
49675;Cloud9;6;4;2;4;
49675;North;3;6;1;1;
42418;Astralis;3;4;2;0;
42418;FaZe;0;3;6;7;
49238;OpTic;3;2;1;1;
49238;SK;5;7;0;4;
42268;Heroic;5;0;1;0;
42268;Cloud9;7;2;1;6;
49277;Natus Vincere;5;4;3;2;
49277;Cloud9;6;3;1;4;
40980;Natus Vincere;5;2;2;0;
40980;Astralis;8;4;1;3;
40918;fnatic;5;6;0;5;
40918;North;3;10;0;0;
42270;Immortals;2;0;0;0;
42270;FaZe;0;1;0;0;
42292;Cloud9;0;4;1;1;
42292;Natus Vincere;5;6;5;0;
45912;FaZe;2;4;2;6;
45912;SK;3;4;2;4;
48329;Liquid;7;2;0;2;
48329;Astralis;5;4;3;4;
49950;North;5;1;0;3;
49950;Virtus.pro;8;5;3;0;
48492;SK;6;3;3;3;
48492;FaZe;4;2;4;4;
49004;North;4;2;3;0;
49004;OpTic;10;3;3;0;
49272;Cloud9;3;3;3;7;
49272;Natus Vincere;5;7;0;1;
39847;SK;4;8;3;1;
39847;Immortals;2;3;2;0;
54827;fnatic;3;3;3;3;
54827;Astralis;5;7;2;2;
40977;Natus Vincere;3;6;2;3;
40977;Astralis;2;4;3;4;
44079;NiP;7;3;1;2;
44079;HellRaisers;9;4;0;2;
54969;FaZe;5;4;2;5;
54969;North;4;2;2;2;
49952;Gambit;4;5;6;1;
49952;Astralis;3;2;1;3;
40965;EnVyUs;3;5;3;0;
40965;FaZe;7;7;0;2;
49131;OpTic;2;10;2;2;
49131;FaZe;1;6;2;1;
44110;G2;4;5;0;0;
44110;FaZe;3;6;2;4;
44003;fnatic;4;3;1;0;
44003;Natus Vincere;11;4;1;0;
43994;FaZe;5;5;3;2;
43994;Immortals;3;6;1;0;
39891;SK;3;4;1;1;
39891;Astralis;9;5;0;1;
45622;North;5;3;3;2;
45622;SK;8;4;1;2;
44073;Immortals;6;5;1;4;
44073;MVP Project;2;2;3;1;
49772;SK;9;3;1;1;
49772;BIG;8;2;3;3;
42210;OpTic;1;4;0;3;
42210;Immortals;3;4;4;4;
49809;fnatic;3;8;2;3;
49809;G2;3;5;1;1;
49781;Cloud9;4;5;5;2;
49781;mousesports;3;2;4;1;
49803;SK;7;6;2;0;
49803;Immortals;2;3;1;2;
49285;SK;4;5;2;4;
49285;FaZe;2;7;1;2;
44118;fnatic;5;3;0;7;
44118;Natus Vincere;3;1;2;1;
48479;Astralis;7;2;1;3;
48479;SK;5;5;5;1;
48983;fnatic;5;1;3;2;
48983;mousesports;7;7;1;0;
53345;NiP;3;6;0;5;
53345;Virtus.pro;3;0;0;4;
52911;fnatic;5;2;6;2;
52911;mousesports;1;2;1;1;
54966;Cloud9;2;0;1;1;
54966;Astralis;11;1;2;1;
49080;OpTic;0;3;0;2;
49080;Liquid;9;4;1;2;
49191;G2;7;3;0;3;
49191;Natus Vincere;7;5;2;2;
42211;fnatic;8;4;1;2;
42211;OpTic;4;3;1;2;
49889;Immortals;5;8;3;0;
49889;BIG;7;3;0;4;
44145;Astralis;4;5;3;4;
44145;FaZe;2;3;4;5;
41023;Virtus.pro;2;7;4;1;
41023;Astralis;3;6;4;3;
40888;OpTic;3;6;1;3;
40888;Virtus.pro;3;7;2;3;
44116;Natus Vincere;6;5;4;1;
44116;fnatic;0;4;0;1;
49017;North;6;7;2;0;
49017;TyLoo;0;2;0;4;
49697;North;5;7;2;2;
49697;PENTA;1;8;0;0;
53350;NiP;9;2;4;1;
53350;Virtus.pro;1;2;2;0;
49735;Vega Squadron;8;2;2;1;
49735;PENTA;10;3;2;1;
54020;SK;6;7;1;0;
54020;Liquid;7;3;1;4;
40953;GODSENT;3;8;3;2;
40953;OpTic;4;2;1;1;
54893;North;4;6;3;3;
54893;Heroic;2;0;3;1;
52915;mousesports;10;2;1;0;
52915;fnatic;8;3;3;1;
49134;SK;5;5;4;1;
49134;fnatic;0;4;0;1;
45621;OpTic;10;5;0;1;
45621;ViCi;2;5;1;0;
54009;SK;5;4;1;6;
54009;Liquid;5;2;0;1;
52918;fnatic;6;7;1;2;
52918;Immortals;2;2;4;2;
54989;FaZe;8;4;4;0;
54989;Astralis;4;3;0;0;
41021;Virtus.pro;3;6;2;3;
41021;Astralis;3;5;2;1;
42335;Immortals;6;6;3;0;
42335;North;5;5;2;1;
54957;Astralis;1;3;4;4;
54957;Cloud9;3;5;3;5;
49011;Heroic;3;1;2;0;
49011;fnatic;4;6;2;4;
49220;Liquid;5;1;1;1;
49220;FaZe;6;7;1;1;
40984;Gambit;3;2;2;0;
40984;fnatic;5;6;1;4;
42347;Astralis;7;8;1;0;
42347;Natus Vincere;2;4;1;3;
44113;HellRaisers;7;6;1;2;
44113;North;4;5;3;2;
43951;TyLoo;4;6;0;2;
43951;SK;6;5;1;4;
45610;OpTic;6;3;3;2;
45610;North;6;4;3;1;
49967;Immortals;2;2;3;2;
49967;Gambit;9;3;1;2;
48404;G2;1;4;1;4;
48404;FaZe;5;8;2;1;
42393;Astralis;11;4;1;0;
42393;Heroic;6;1;2;2;
53251;EnVyUs;5;7;2;2;
53251;Virtus.pro;5;0;1;0;
42204;fnatic;4;5;1;1;
42204;FaZe;5;6;3;1;
49025;OpTic;6;7;1;2;
49025;Space Soldiers;3;2;3;1;
40946;G2;1;3;2;2;
40946;North;5;6;0;5;
40913;FaZe;5;5;1;4;
40913;SK;2;9;4;0;
40919;Astralis;5;5;3;3;
40919;OpTic;2;1;2;6;
52579;G2;3;4;0;9;
52579;Natus Vincere;0;9;2;3;
42426;FaZe;7;1;2;3;
42426;Astralis;6;2;2;4;
49038;G2;1;2;0;3;
49038;NiP;8;6;1;0;
49042;Immortals;7;7;0;1;
49042;Virtus.pro;6;5;1;0;
48384;fnatic;2;4;6;4;
48384;Liquid;3;3;3;2;
49786;PENTA;6;2;5;0;
49786;FlipSid3;5;3;5;1;
42283;North;4;8;1;3;
42283;Natus Vincere;2;7;1;1;
49124;mousesports;3;0;0;0;
49124;Natus Vincere;4;9;1;2;
48410;FaZe;2;8;4;2;
48410;G2;3;5;2;1;
42280;SK;3;9;1;3;
42280;Heroic;2;1;1;1;
44080;Astralis;9;5;2;0;
44080;SK;9;2;0;0;
53957;Liquid;5;0;3;3;
53957;Astralis;8;3;2;1;
40917;FlipSid3;2;7;2;2;
40917;Liquid;5;7;0;3;
34942;G2;7;2;5;1;
34942;FaZe;5;1;3;1;
35002;FlipSid3;0;3;0;2;
35002;Cloud9;8;4;0;2;
39330;SK;4;8;2;2;
39330;Dignitas;5;1;0;0;
41752;mousesports;1;4;0;3;
41752;Virtus.pro;5;5;3;3;
38217;G2;2;4;2;2;
38217;NiP;7;5;2;2;
38599;SK;6;4;3;3;
38599;Natus Vincere;7;0;1;0;
37695;Dignitas;4;9;0;3;
37695;NiP;2;7;1;4;
37505;mousesports;5;4;2;3;
37505;Cloud9;3;4;5;3;
41755;Astralis;10;3;2;1;
41755;NiP;3;1;0;2;
37824;EnVyUs;9;4;2;1;
37824;OpTic;0;4;1;0;
38162;G2;3;2;0;0;
38162;NiP;4;10;0;2;
37499;FaZe;3;0;3;1;
37499;Cloud9;5;9;2;0;
37694;NRG;1;2;5;1;
37694;Cloud9;6;6;1;3;
37707;EnVyUs;4;8;1;3;
37707;Liquid;3;0;1;0;
38160;Virtus.pro;11;2;3;0;
38160;Echo Fox;0;1;0;0;
39537;Astralis;4;5;4;2;
39537;SK;7;3;0;0;
38828;EnVyUs;5;5;2;4;
38828;OpTic;3;7;2;1;
39355;Astralis;8;3;5;0;
39355;NiP;0;1;0;1;
37825;Liquid;9;2;2;0;
37825;Immortals;11;1;2;0;
37741;FaZe;5;6;2;3;
37741;Dignitas;6;1;0;0;
37718;SK;9;2;4;0;
37718;FaZe;1;1;0;0;
38165;Virtus.pro;9;5;1;0;
38165;NiP;2;3;1;1;
37691;Dignitas;4;10;0;2;
37691;NRG;2;0;1;0;
38811;Dignitas;4;10;0;2;
38811;fnatic;2;0;1;0;
37747;SK;6;7;3;0;
37747;Cloud9;0;3;0;3;
37826;FaZe;4;5;2;3;
37826;NRG;5;5;2;3;
41748;North;4;10;1;1;
41748;Gambit;3;6;1;1;
41686;compLexity;2;1;1;0;
41686;North;11;1;2;1;
37684;mousesports;4;10;0;2;
37684;Liquid;3;4;0;5;
41760;Natus Vincere;4;0;1;2;
41760;SK;11;3;2;0;
37693;NiP;9;5;0;0;
37693;SK;5;1;1;3;
37373;SK;5;4;4;3;
37373;fnatic;2;4;1;2;
37429;fnatic;5;4;0;2;
37429;Virtus.pro;5;7;1;3;
37829;NiP;0;3;4;2;
37829;Cloud9;2;9;3;2;
37729;NiP;6;3;4;2;
37729;NRG;4;3;5;1;
37949;SK;7;1;5;1;
37949;Cloud9;10;2;2;0;
37902;OpTic;0;2;0;0;
37902;Cloud9;8;2;4;1;
38848;SK;5;8;1;2;
38848;G2;2;0;3;0;
38855;Immortals;3;3;2;1;
38855;NiP;6;4;4;1;
34907;Heroic;7;4;4;1;
34907;TyLoo;7;3;2;1;
37823;SK;6;6;3;1;
37823;Dignitas;1;4;0;2;
38757;Heroic;10;4;0;1;
38757;mousesports;8;0;2;1;
41830;North;5;1;1;2;
41830;SK;6;8;1;1;
39340;NiP;8;5;1;2;
39340;Astralis;6;3;1;2;
41720;fnatic;0;2;0;0;
41720;Virtus.pro;12;3;1;0;
37315;SK;6;3;2;1;
37315;Virtus.pro;8;4;3;1;
37688;Cloud9;4;7;2;3;
37688;FaZe;2;3;3;6;
38734;Heroic;8;4;2;2;
38734;SK;5;3;2;2;
38590;ALTERNATE aTTaX;4;0;1;1;
38590;Natus Vincere;5;5;3;3;
34981;TyLoo;4;7;3;2;
34981;Astralis;1;7;1;1;
39440;Virtus.pro;4;12;0;0;
39440;FaZe;2;0;1;1;
41825;North;3;3;4;3;
41825;SK;8;7;1;0;
37351;HellRaisers;3;1;1;1;
37351;Virtus.pro;4;10;1;0;
36220;Virtus.pro;4;5;3;2;
36220;SK;3;4;5;3;
41714;OpTic;0;2;0;0;
41714;North;11;3;2;0;
41667;TyLoo;0;4;0;0;
41667;SK;8;5;2;0;
34963;Cloud9;5;5;4;0;
34963;VG.CyberZen;0;2;0;2;
38922;NiP;2;0;2;0;
38922;SK;3;7;2;4;
39641;OpTic;6;6;1;2;
39641;Astralis;3;3;3;1;
36051;Astralis;10;4;1;1;
36051;G2;5;3;4;0;
38772;Cloud9;6;3;4;3;
38772;Heroic;7;2;2;1;
38708;Immortals;3;6;2;3;
38708;Astralis;5;6;0;3;
37933;SK;5;3;7;1;
37933;NiP;2;1;2;2;
35069;Cloud9;5;2;1;1;
35069;NiP;4;8;3;1;
38540;Astralis;3;6;3;4;
38540;SK;2;7;1;2;
34881;Dignitas;1;1;0;1;
34881;GODSENT;9;3;4;0;
34949;Virtus.pro;7;0;0;0;
34949;VG.CyberZen;4;7;3;1;
36052;OpTic;5;4;1;0;
36052;SK;5;6;2;3;
36208;Virtus.pro;3;7;4;1;
36208;SK;3;7;4;1;
38732;Cloud9;2;8;4;1;
38732;FaZe;4;4;2;5;
38770;mousesports;1;5;0;1;
38770;FaZe;6;5;2;2;
38746;FaZe;11;2;3;0;
38746;Heroic;0;1;2;0;
38833;EnVyUs;2;3;2;1;
38833;OpTic;8;4;2;1;
37935;NiP;5;2;0;2;
37935;SK;6;9;0;0;
37578;Virtus.pro;9;4;2;1;
37578;SK;0;4;0;0;
37594;Natus Vincere;9;2;3;1;
37594;Dignitas;8;1;4;0;
38712;TyLoo;4;5;0;0;
38712;Astralis;9;5;1;1;
38707;Liquid;8;4;3;0;
38707;TyLoo;2;2;1;1;
38706;Natus Vincere;5;10;1;0;
38706;G2;0;7;0;2;
38910;Astralis;6;3;1;1;
38910;SK;7;4;3;1;
36064;SK;6;5;3;2;
36064;Astralis;6;4;2;1;
37370;Natus Vincere;4;7;0;0;
37370;G2;4;10;1;1;
41703;mousesports;5;7;2;2;
41703;FaZe;2;7;0;1;
38530;Astralis;4;6;3;3;
38530;ALTERNATE aTTaX;3;0;2;0;
38692;Immortals;4;9;1;1;
38692;TyLoo;3;6;2;4;
35071;Cloud9;4;3;0;0;
35071;NiP;4;9;1;2;
38704;Natus Vincere;3;4;0;2;
38704;Astralis;2;10;2;2;
38754;NiP;4;9;2;1;
38754;Cloud9;4;7;1;2;
37834;Cloud9;9;4;1;2;
37834;Dignitas;7;3;2;1;
37410;SK;2;12;0;2;
37410;HellRaisers;1;4;0;1;
36162;Natus Vincere;2;3;1;1;
36162;Liquid;8;5;2;0;
36142;Liquid;2;10;2;2;
36142;fnatic;3;6;0;3;
36058;OpTic;1;1;0;1;
36058;fnatic;10;3;3;0;
36053;Natus Vincere;5;5;2;4;
36053;Liquid;3;3;3;0;
36128;Natus Vincere;4;7;3;2;
36128;SK;5;0;1;0;
41749;Gambit;7;5;3;0;
41749;North;7;2;3;3;
38809;Dignitas;6;8;1;1;
38809;EnVyUs;5;4;0;2;
41836;SK;5;4;0;2;
41836;Virtus.pro;6;6;2;1;
39593;OpTic;4;11;0;1;
39593;FaZe;1;0;1;0;
38766;SK;6;2;2;1;
38766;FaZe;7;2;4;2;
35076;Dignitas;1;8;0;3;
35076;G2;2;7;2;5;
41651;compLexity;3;0;0;2;
41651;Astralis;11;2;2;1;
37526;Dignitas;4;9;1;2;
37526;fnatic;4;0;0;0;
34885;FaZe;7;3;6;0;
34885;FlipSid3;0;0;0;2;
35083;NiP;9;5;0;1;
35083;G2;7;6;2;0;
37350;Virtus.pro;7;5;1;1;
37350;HellRaisers;9;6;0;1;
41734;Natus Vincere;6;9;0;1;
41734;FaZe;1;7;0;2;
36062;Natus Vincere;6;7;3;0;
36062;Virtus.pro;5;1;3;0;
39435;OpTic;7;7;2;0;
39435;mousesports;4;4;1;2;
35001;FlipSid3;2;9;3;2;
35001;Cloud9;2;2;2;2;
41731;FaZe;5;5;3;3;
41731;Natus Vincere;7;6;0;0;
37542;FaZe;4;4;6;1;
37542;Cloud9;8;4;2;1;
37509;G2;4;5;1;1;
37509;SK;7;6;2;1;
39441;FaZe;5;7;3;0;
39441;Virtus.pro;8;2;0;0;
38694;G2;7;3;2;3;
38694;Astralis;4;1;4;2;
38527;Natus Vincere;8;1;0;0;
38527;SK;8;3;2;3;
37337;NiP;4;11;0;1;
37337;G2;2;5;0;3;
41723;Cloud9;5;0;1;0;
41723;NiP;5;3;2;6;
34945;Astralis;6;5;2;1;
34945;Natus Vincere;8;5;1;1;
37771;mousesports;4;4;3;2;
37771;Immortals;6;6;2;1;
37533;Immortals;5;6;2;2;
37533;FaZe;4;8;2;0;
38924;NiP;5;8;0;2;
38924;SK;4;6;1;3;
37931;NiP;6;6;1;1;
37931;SK;7;2;1;0;
41701;Cloud9;1;0;3;1;
41701;SK;5;7;1;3;
34975;GODSENT;1;2;1;1;
34975;Dignitas;8;3;3;1;
38915;NiP;4;10;1;0;
38915;FaZe;2;8;3;2;
41832;SK;5;9;1;1;
41832;Virtus.pro;4;3;1;0;
37331;HellRaisers;3;4;3;0;
37331;fnatic;9;3;2;2;
34991;EnVyUs;7;7;1;0;
34991;VG.CyberZen;6;4;2;2;
37976;Cloud9;4;6;3;3;
37976;SK;5;0;1;0;
37498;mousesports;10;3;1;1;
37498;Immortals;5;3;1;0;
38701;Astralis;8;2;6;0;
38701;Liquid;0;1;0;0;
37339;G2;3;8;2;3;
37339;NiP;4;2;0;3;
36050;Virtus.pro;9;6;1;0;
36050;fnatic;1;4;0;1;
36173;Liquid;6;2;2;0;
36173;Natus Vincere;7;3;6;0;
34940;GODSENT;1;2;1;1;
34940;NiP;7;2;5;2;
34977;FaZe;4;9;1;2;
34977;FlipSid3;2;0;2;0;
38759;Heroic;1;5;2;0;
38759;NiP;8;5;2;1;
34980;TyLoo;3;3;0;1;
34980;Astralis;6;4;3;1;
37832;SK;10;2;1;3;
37832;NRG;9;0;1;0;
38861;NiP;4;11;0;1;
38861;Immortals;3;1;0;0;
34882;G2;9;3;4;0;
34882;MVP Project;1;2;0;0;
39636;Astralis;2;6;3;5;
39636;OpTic;2;4;2;1;
39333;Dignitas;3;6;2;5;
39333;SK;3;0;1;0;
37411;Natus Vincere;4;5;1;1;
37411;NiP;5;6;3;1;
34938;HellRaisers;4;3;1;2;
34938;Dignitas;7;6;2;0;
38700;Immortals;9;4;1;1;
38700;G2;0;1;0;3;
41666;Gambit;6;6;1;3;
41666;fnatic;6;1;0;1;
38923;SK;4;7;1;2;
38923;NiP;3;9;3;1;
38851;SK;11;4;1;0;
38851;G2;0;2;0;1;
36226;Virtus.pro;2;13;1;0;
36226;Natus Vincere;2;1;0;0;
37944;Cloud9;10;3;3;0;
37944;mousesports;5;0;3;2;
35040;Heroic;3;6;3;0;
35040;Dignitas;5;9;2;0;
41803;Astralis;0;3;0;0;
41803;Virtus.pro;9;3;2;1;
37442;Virtus.pro;4;6;2;1;
37442;fnatic;5;7;2;2;
36168;Liquid;3;4;4;2;
36168;Natus Vincere;5;6;3;2;
37531;fnatic;6;5;2;0;
37531;Dignitas;9;5;1;1;
34957;EnVyUs;1;11;3;1;
34957;Virtus.pro;3;3;0;2;
38715;Liquid;6;4;5;0;
38715;G2;8;2;2;2;
38753;SK;5;6;0;4;
38753;mousesports;3;5;1;0;
37709;mousesports;4;6;5;1;
37709;OpTic;2;3;1;3;
37508;SK;4;3;1;2;
37508;G2;4;4;5;2;
37977;Cloud9;2;9;1;4;
37977;SK;1;3;1;0;
37314;Virtus.pro;10;2;3;1;
37314;SK;6;2;1;0;
41722;NiP;1;1;0;0;
41722;Cloud9;11;1;3;1;
35016;Astralis;3;1;0;2;
35016;NiP;6;4;5;0;
37607;Virtus.pro;4;1;0;0;
37607;Dignitas;4;8;1;3;
41756;SK;4;7;1;3;
41756;Natus Vincere;4;9;1;1;
38745;NiP;4;8;2;1;
38745;mousesports;4;1;2;1;
41668;NiP;3;7;2;2;
41668;Cloud9;3;7;3;3;
39599;FaZe;3;2;1;3;
39599;OpTic;8;5;2;1;
38208;Echo Fox;1;1;0;0;
38208;G2;12;2;2;0;
41725;FaZe;0;3;0;1;
41725;Natus Vincere;2;12;1;1;
38920;NiP;1;4;0;1;
38920;FaZe;7;4;3;2;
41671;Renegades;8;1;2;3;
41671;FaZe;10;4;1;1;
41716;OpTic;3;1;2;0;
41716;North;5;9;2;0;
37408;G2;5;7;1;2;
37408;Dignitas;3;6;1;2;
36228;Natus Vincere;7;7;0;1;
36228;Virtus.pro;3;4;4;4;
37603;Dignitas;2;5;1;2;
37603;Virtus.pro;4;9;1;2;
41691;fnatic;4;7;1;4;
41691;Misfits;2;3;1;2;
37682;Immortals;2;2;0;1;
37682;EnVyUs;9;3;3;1;
37597;Dignitas;8;4;1;3;
37597;Natus Vincere;5;3;3;1;
37901;Cloud9;9;3;1;3;
37901;OpTic;5;3;2;2;
34886;Natus Vincere;5;2;1;2;
34886;TyLoo;8;4;2;1;
36227;Virtus.pro;1;5;2;0;
36227;Natus Vincere;2;9;2;3;
38756;NiP;1;4;0;0;
38756;FaZe;10;5;1;0;
38835;SK;3;1;2;0;
38835;G2;5;8;1;2;
37590;Dignitas;8;5;1;2;
37590;Natus Vincere;6;1;2;0;
37940;Cloud9;7;4;0;3;
37940;mousesports;6;1;2;0;
39548;Astralis;7;2;5;2;
39548;SK;5;3;3;0;
35006;Astralis;6;1;4;0;
35006;NiP;7;2;4;2;
38203;G2;12;3;0;1;
38203;Echo Fox;0;3;0;0;
36060;Liquid;9;3;3;0;
36060;G2;3;2;1;0;
34982;Astralis;4;9;2;1;
34982;TyLoo;3;7;0;2;
38921;NiP;6;9;1;0;
38921;FaZe;4;3;1;4;
38758;Cloud9;5;2;1;1;
38758;SK;8;3;4;1;
37833;FaZe;3;3;1;0;
37833;NiP;3;8;2;3;
37327;Natus Vincere;6;8;1;1;
37327;Dignitas;4;2;1;1;
38209;G2;3;3;2;0;
38209;NiP;3;7;3;3;
41679;Natus Vincere;2;9;1;0;
41679;mousesports;4;9;2;1;
34976;GODSENT;6;4;3;0;
34976;Dignitas;8;4;2;1;
38698;TyLoo;8;5;0;1;
38698;Natus Vincere;7;4;2;3;
38596;SK;5;5;4;2;
38596;Natus Vincere;2;5;0;1;
37851;NiP;12;3;1;0;
37851;EnVyUs;4;2;3;0;
36066;Virtus.pro;4;6;1;5;
36066;Liquid;3;3;1;1;
37409;HellRaisers;3;1;0;1;
37409;SK;5;2;6;1;
36137;Liquid;6;6;3;1;
36137;fnatic;2;6;6;0;
41664;Misfits;5;5;0;2;
41664;Virtus.pro;4;6;3;2;
41656;North;6;2;1;2;
41656;OpTic;8;4;3;1;
37609;Virtus.pro;2;2;1;0;
37609;Dignitas;11;2;2;1;
35000;FlipSid3;1;3;3;1;
35000;Cloud9;4;7;1;4;
38765;mousesports;5;2;2;1;
38765;Cloud9;6;6;2;2;
37407;Dignitas;5;6;1;4;
37407;G2;3;7;2;2;
38825;EnVyUs;3;0;0;0;
38825;OpTic;4;8;0;4;
35038;Heroic;4;5;6;1;
35038;Dignitas;6;1;3;2;
41809;Virtus.pro;5;2;0;2;
41809;Astralis;2;4;3;6;
36104;G2;2;4;1;0;
36104;OpTic;3;10;1;2;
37566;Virtus.pro;0;0;0;1;
37566;SK;8;2;6;0;
37507;SK;10;1;5;0;
37507;G2;0;0;0;0;
36138;SK;3;7;3;2;
36138;Virtus.pro;3;2;3;0;
37374;SK;3;0;2;0;
37374;fnatic;5;7;1;3;
35077;G2;2;3;1;1;
35077;NiP;4;9;0;3;
41699;Gambit;5;7;1;3;
41699;Virtus.pro;4;3;1;2;
41754;NiP;0;1;1;2;
41754;Astralis;9;4;3;0;
34993;EnVyUs;3;9;0;4;
34993;VG.CyberZen;1;1;1;0;
41724;Cloud9;3;5;3;2;
41724;NiP;3;5;5;3;
37329;fnatic;5;5;1;2;
37329;HellRaisers;6;6;1;2;
38713;Immortals;6;5;0;4;
38713;Natus Vincere;6;8;0;1;
37539;Cloud9;6;7;1;1;
37539;FaZe;4;3;3;5;
38688;Natus Vincere;1;2;1;2;
38688;Liquid;1;8;2;5;
37361;NiP;6;5;0;1;
37361;Dignitas;7;4;2;3;
36225;Virtus.pro;6;6;1;3;
36225;SK;2;0;4;1;
37324;Dignitas;9;4;3;0;
37324;Natus Vincere;2;2;1;1;
39360;NiP;4;5;0;1;
39360;Astralis;8;7;1;0;
38705;Liquid;4;4;2;4;
38705;Immortals;6;8;1;1;
38847;OpTic;8;5;2;0;
38847;fnatic;4;3;3;1;
39430;OpTic;3;7;0;5;
39430;mousesports;2;2;1;2;
37532;Immortals;1;0;1;0;
37532;FaZe;3;10;0;3;
37362;Natus Vincere;3;6;6;1;
37362;G2;6;1;2;0;
38906;Astralis;6;5;2;1;
38906;SK;5;5;3;2;
41718;Virtus.pro;6;7;1;2;
41718;fnatic;6;2;0;1;
39334;Dignitas;6;3;2;1;
39334;SK;11;3;0;2;
34879;NiP;4;4;4;2;
34879;HellRaisers;5;1;4;0;
41697;Natus Vincere;5;8;2;1;
41697;Renegades;4;0;1;0;
36125;fnatic;3;4;5;3;
36125;Astralis;2;5;1;1;
34941;FlipSid3;8;5;1;1;
34941;MVP Project;8;0;1;0;
37700;Immortals;0;3;0;1;
37700;OpTic;9;3;2;2;
37831;EnVyUs;5;1;1;2;
37831;mousesports;4;9;3;0;
34892;Astralis;5;4;3;1;
34892;Heroic;6;5;4;1;
36133;Astralis;3;6;1;2;
36133;OpTic;3;8;2;3;
35033;G2;5;6;3;2;
35033;EnVyUs;6;4;0;3;
35032;EnVyUs;4;6;1;3;
35032;G2;4;8;2;2;
41818;Virtus.pro;11;4;0;0;
41818;Astralis;0;2;1;1;
37418;NiP;1;1;0;0;
37418;Natus Vincere;2;9;1;4;
38587;Natus Vincere;4;10;0;2;
38587;ALTERNATE aTTaX;3;0;0;0;
36143;OpTic;5;5;2;2;
36143;Virtus.pro;7;4;1;4;
37510;fnatic;6;5;2;3;
37510;Dignitas;2;1;5;1;
41694;NiP;4;8;1;2;
41694;TyLoo;4;0;1;0;
41838;SK;4;7;1;1;
41838;Virtus.pro;5;7;2;2;
41753;Virtus.pro;7;4;2;2;
41753;mousesports;5;4;4;1;
34912;EnVyUs;4;2;0;2;
34912;Cloud9;2;7;3;4;
37544;FaZe;3;10;1;2;
37544;Cloud9;1;4;1;2;
37861;NiP;1;6;3;5;
37861;EnVyUs;2;9;2;2;
35073;Dignitas;4;7;1;1;
35073;G2;6;9;0;1;
37573;Virtus.pro;8;4;1;2;
37573;SK;8;4;1;0;
35005;Astralis;6;5;3;1;
35005;NiP;1;5;0;0;
39640;OpTic;4;6;1;5;
39640;Astralis;3;2;1;0;
38838;OpTic;9;4;2;1;
38838;fnatic;0;2;1;2;
35034;Heroic;9;2;0;0;
35034;Dignitas;7;5;2;1;
39474;Virtus.pro;5;3;1;5;
39474;FaZe;6;6;1;3;
38703;TyLoo;1;2;0;0;
38703;G2;10;3;2;0;
41698;OpTic;1;6;2;0;
41698;Astralis;7;7;1;0;
37680;Liquid;0;1;0;1;
37680;OpTic;7;3;6;0;
34979;FlipSid3;4;6;3;3;
34979;FaZe;4;3;2;5;
37538;FaZe;8;6;0;1;
37538;Immortals;5;5;2;0;
38804;OpTic;7;7;1;0;
38804;fnatic;3;6;5;1;
34978;FaZe;9;1;2;0;
34978;FlipSid3;11;2;1;2;
37358;Dignitas;10;1;0;0;
37358;NiP;7;1;4;3;
38771;NiP;5;3;0;1;
38771;SK;10;5;1;0;
32318;Gambit;3;7;4;2;
32318;Astralis;2;0;3;0;
32319;Dignitas;2;11;0;3;
32319;CLG;1;0;0;0;
32415;Liquid;5;0;2;0;
32415;SK;4;7;4;1;
32294;Natus Vincere;8;3;5;0;
32294;FlipSid3;2;2;2;0;
31984;NiP;3;1;0;0;
31984;G2;4;10;0;2;
31977;TSM;7;5;1;3;
31977;Astralis;4;3;2;2;
31976;Luminosity;3;6;2;4;
31976;Liquid;3;7;0;0;
32297;mousesports;1;6;1;2;
32297;Virtus.pro;3;9;4;0;
31999;Cloud9;9;4;2;1;
31999;Astralis;4;3;1;1;
32417;SK;8;5;2;1;
32417;Liquid;1;3;0;2;
32394;Liquid;9;4;1;1;
32394;fnatic;8;4;0;0;
32305;FaZe;4;7;3;1;
32305;fnatic;2;4;3;3;
33110;mousesports;1;6;0;3;
33110;Virtus.pro;3;10;3;0;
32357;Gambit;4;0;0;1;
32357;fnatic;2;9;3;2;
32320;Natus Vincere;6;8;0;2;
32320;NiP;3;8;0;1;
29855;TyLoo;4;10;2;0;
29855;Luminosity;3;9;2;0;
32039;TSM;0;2;0;1;
32039;Luminosity;11;3;1;1;
32295;NiP;5;8;0;3;
32295;OpTic;3;0;1;0;
32354;Liquid;5;1;3;0;
32354;Natus Vincere;9;4;2;1;
32000;Cloud9;3;6;3;3;
32000;Astralis;4;0;1;2;
31979;fnatic;5;5;1;5;
31979;TSM;4;6;1;3;
33135;fnatic;1;6;0;3;
33135;Virtus.pro;6;7;0;3;
32358;Gambit;2;0;1;0;
32358;fnatic;4;10;0;2;
29850;Dignitas;6;7;3;0;
29850;Astralis;3;5;0;1;
28417;Astralis;7;5;4;0;
28417;E-frag.net;1;4;0;0;
28420;Tempo Storm;2;13;1;0;
28420;Virtus.pro;1;5;1;2;
32195;Virtus.pro;9;2;0;0;
32195;EnVyUs;8;6;2;0;
28447;fnatic;8;4;2;1;
28447;Astralis;2;1;1;3;
32124;Virtus.pro;8;6;1;0;
32124;EnVyUs;6;5;3;1;
29861;GODSENT;7;6;1;2;
29861;CLG;1;7;0;0;
32296;EnVyUs;4;1;1;0;
32296;Liquid;6;6;1;3;
28389;TheMongolz;2;3;0;0;
28389;NiP;3;13;0;0;
28410;E-frag.net;3;5;1;4;
28410;Tempo Storm;3;7;3;3;
29885;Natus Vincere;11;3;1;0;
29885;EnVyUs;0;1;0;1;
28435;Natus Vincere;7;7;0;2;
28435;Tempo Storm;2;3;4;1;
33109;mousesports;0;0;5;1;
33109;Virtus.pro;6;8;1;1;
32040;Luminosity;6;5;1;4;
32040;TSM;0;6;4;2;
28418;EnVyUs;7;5;3;1;
28418;FaZe;5;4;2;1;
32042;G2;5;7;0;4;
32042;Luminosity;2;0;1;1;
28394;fnatic;12;3;0;0;
28394;TheMongolz;1;2;1;0;
30767;OpTic;2;5;1;3;
30767;Luminosity;4;5;3;4;
29826;Natus Vincere;7;3;5;0;
29826;GODSENT;5;2;2;0;
29824;TyLoo;1;3;1;1;
29824;Luminosity;0;10;4;2;
28421;EnVyUs;1;0;3;2;
28421;Tempo Storm;3;9;3;1;
28411;Virtus.pro;4;9;1;2;
28411;EnVyUs;3;7;1;3;
31978;Cloud9;4;3;5;1;
31978;fnatic;7;5;4;0;
32873;NiP;0;6;0;3;
32873;Virtus.pro;6;10;0;0;
29843;G2;0;7;0;1;
29843;GODSENT;5;8;2;1;
29870;EnVyUs;6;6;1;3;
29870;Tempo Storm;4;7;2;1;
32824;EnVyUs;5;0;2;0;
32824;fnatic;8;6;0;2;
28423;FaZe;3;5;2;2;
28423;Virtus.pro;5;6;3;2;
28386;NiP;1;3;2;2;
28386;mousesports;5;4;4;2;
32031;fnatic;1;0;0;0;
32031;G2;1;12;2;1;
32176;compLexity;0;5;0;4;
32176;EnVyUs;5;9;1;1;
29608;Luminosity;8;3;3;1;
29608;Natus Vincere;8;3;3;1;
32326;FaZe;2;3;1;0;
32326;SK;9;3;3;1;
28457;fnatic;10;0;1;3;
28457;Luminosity;6;3;6;0;
32008;Liquid;6;9;0;1;
32008;G2;3;8;0;1;
32137;EnVyUs;6;8;1;0;
32137;compLexity;2;5;0;2;
32347;Virtus.pro;9;3;3;0;
32347;Astralis;8;2;3;1;
32009;G2;6;9;0;1;
32009;Liquid;3;0;2;1;
29600;Natus Vincere;2;8;1;4;
29600;Astralis;1;1;1;1;
30747;Astralis;5;3;4;1;
30747;Luminosity;2;2;8;4;
28419;FaZe;0;4;0;0;
28419;Astralis;0;11;2;3;
30742;fnatic;4;1;3;1;
30742;NiP;6;5;2;3;
28406;FaZe;4;7;1;4;
28406;E-frag.net;2;1;2;0;
29575;Liquid;6;6;3;1;
29575;CLG;0;4;0;2;
32551;mousesports;2;11;2;0;
32551;G2;1;9;3;2;
29883;Virtus.pro;3;6;2;1;
29883;NiP;3;6;3;4;
32148;Gambit;1;7;0;1;
32148;Virtus.pro;5;9;2;0;
29882;Virtus.pro;1;7;2;2;
29882;NiP;4;9;0;3;
33103;Natus Vincere;1;3;0;0;
33103;fnatic;9;3;3;1;
29534;Liquid;3;11;1;1;
29534;FaZe;2;5;1;3;
28422;Astralis;9;3;4;0;
28422;Tempo Storm;8;1;2;1;
30804;fnatic;4;5;2;1;
30804;G2;8;6;1;1;
28388;mousesports;9;4;1;2;
28388;TheMongolz;2;3;0;2;
29857;Luminosity;4;4;1;2;
29857;TyLoo;5;4;1;5;
29862;NiP;2;6;3;5;
29862;Astralis;3;1;1;0;
29845;EnVyUs;6;4;3;2;
29845;FaZe;6;2;3;1;
28459;fnatic;3;9;1;3;
28459;Luminosity;2;0;1;0;
32142;Gambit;7;7;2;0;
32142;Virtus.pro;3;6;3;0;
32506;Renegades;5;6;1;4;
32506;FlipSid3;4;0;1;0;
30737;Cloud9;4;0;2;4;
30737;fnatic;6;5;0;4;
29889;GODSENT;6;1;3;0;
29889;NiP;7;4;3;2;
32321;FlipSid3;4;7;2;3;
32321;OpTic;1;5;3;4;
32612;FaZe;7;6;1;1;
32612;mousesports;3;2;0;4;
28445;fnatic;4;3;7;2;
28445;Astralis;1;2;1;2;
32618;FaZe;0;1;2;0;
32618;mousesports;2;6;1;7;
28396;mousesports;6;1;0;6;
28396;Luminosity;6;6;1;2;
32038;G2;5;3;4;3;
32038;fnatic;7;3;2;1;
29610;Luminosity;11;3;2;0;
29610;Natus Vincere;0;0;0;2;
30802;fnatic;12;1;2;1;
30802;G2;6;0;7;1;
32835;Cloud9;2;5;5;3;
32835;Natus Vincere;5;0;1;2;
30796;Luminosity;2;3;1;2;
30796;NiP;6;5;3;1;
28409;Astralis;4;7;2;3;
28409;Virtus.pro;3;0;1;1;
30736;G2;11;1;1;3;
30736;Luminosity;9;0;1;1;
29858;CLG;9;1;2;2;
29858;GODSENT;9;3;2;0;
32101;compLexity;1;6;2;2;
32101;Virtus.pro;6;7;0;2;
30770;fnatic;2;7;1;6;
30770;Liquid;1;2;1;2;
32355;Liquid;6;4;3;3;
32355;Natus Vincere;7;3;1;1;
32338;FlipSid3;4;7;4;1;
32338;NiP;4;1;1;3;
33140;fnatic;3;2;2;1;
33140;Virtus.pro;3;9;3;1;
30826;Luminosity;7;5;1;2;
30826;G2;2;2;3;5;
30823;G2;1;3;1;6;
30823;Luminosity;0;8;6;2;
30821;Luminosity;1;7;1;1;
30821;G2;6;7;1;2;
31981;FlipSid3;0;2;0;0;
31981;Natus Vincere;11;2;2;1;
32356;Liquid;3;9;0;4;
32356;Natus Vincere;1;3;0;1;
29867;EnVyUs;4;5;1;4;
29867;Tempo Storm;0;6;0;2;
32129;Virtus.pro;7;1;3;0;
32129;EnVyUs;7;4;4;1;
32334;Dignitas;2;6;0;2;
32334;Astralis;2;10;1;3;
29558;mousesports;6;7;2;1;
29558;NiP;5;7;0;0;
29873;Natus Vincere;1;12;2;1;
29873;TyLoo;2;3;0;0;
31974;NiP;5;5;1;1;
31974;Luminosity;7;5;0;4;
29538;Cloud9;5;2;1;0;
29538;Natus Vincere;6;8;2;0;
32322;Virtus.pro;5;8;1;2;
32322;Liquid;2;6;1;3;
29735;FlipSid3;2;9;3;0;
29735;NiP;4;6;2;3;
33104;fnatic;2;6;5;3;
33104;Natus Vincere;5;4;1;4;
30768;Luminosity;8;4;1;2;
30768;OpTic;6;1;2;3;
32015;Cloud9;4;1;0;0;
32015;TSM;7;6;0;3;
28427;Virtus.pro;9;3;2;2;
28427;E-frag.net;1;4;3;0;
32196;Virtus.pro;3;4;1;0;
32196;EnVyUs;4;8;1;3;
28441;Natus Vincere;5;6;1;2;
28441;Luminosity;6;6;1;2;
32351;FlipSid3;2;4;0;0;
32351;SK;2;8;1;4;
32370;Virtus.pro;7;2;0;4;
32370;SK;7;4;1;2;
29601;Luminosity;7;4;0;4;
29601;Liquid;5;3;1;5;
29555;Astralis;7;4;2;3;
29555;CLG;6;0;1;1;
29886;NiP;8;4;1;3;
29886;GODSENT;6;6;1;0;
32181;Gambit;3;3;0;0;
32181;Virtus.pro;4;7;0;5;
32110;Gambit;3;4;4;2;
32110;EnVyUs;6;5;2;2;
30746;Luminosity;5;4;5;2;
30746;Astralis;8;2;0;1;
28438;Natus Vincere;7;4;3;1;
28438;Tempo Storm;3;3;5;0;
32609;Renegades;11;3;1;0;
32609;Virtus.pro;11;3;1;0;
29846;Luminosity;3;3;0;1;
29846;mousesports;9;4;2;1;
32180;Virtus.pro;10;2;2;1;
32180;Gambit;2;2;1;0;
32327;fnatic;6;5;2;3;
32327;G2;4;4;3;2;
32332;Astralis;8;3;2;2;
32332;Dignitas;7;5;1;0;
29540;mousesports;5;1;6;2;
29540;FlipSid3;11;2;1;1;
29844;NiP;2;9;1;4;
29844;CSGL;1;6;1;0;
29550;G2;11;4;0;0;
29550;Cloud9;0;3;0;0;
29875;Dignitas;7;1;0;0;
29875;EnVyUs;9;2;5;0;
29876;GODSENT;0;5;0;2;
29876;mousesports;5;6;2;2;
29536;CLG;4;5;3;4;
29536;EnVyUs;0;6;0;2;
32823;fnatic;6;8;1;1;
32823;EnVyUs;6;7;0;0;
32293;CLG;6;5;1;1;
32293;Gambit;2;5;6;3;
30743;Astralis;4;6;4;1;
30743;Luminosity;6;1;1;0;
28424;EnVyUs;8;3;2;2;
28424;E-frag.net;6;3;4;2;
32352;FlipSid3;5;6;1;0;
32352;SK;5;3;3;3;
29533;Luminosity;7;4;2;2;
29533;mousesports;6;4;2;1;
32549;mousesports;9;5;2;0;
32549;G2;4;4;1;0;
29592;Luminosity;3;7;1;5;
29592;Virtus.pro;1;5;0;3;
29574;CLG;1;10;0;2;
29574;Liquid;2;10;1;3;
30798;Luminosity;6;10;0;0;
30798;NiP;2;3;2;2;
29571;Natus Vincere;4;10;2;0;
29571;NiP;3;4;2;1;
28436;Tempo Storm;3;6;0;6;
28436;Natus Vincere;2;10;0;2;
29847;CLG;4;1;3;7;
29847;Natus Vincere;6;6;1;2;
30817;Luminosity;2;6;2;0;
30817;G2;8;6;0;1;
29599;Astralis;5;2;1;6;
29599;Natus Vincere;5;6;1;3;
32563;CLG;4;0;0;0;
32563;FaZe;4;9;1;2;
29884;EnVyUs;3;4;0;0;
29884;Natus Vincere;10;4;1;1;
29864;Astralis;4;3;4;1;
29864;NiP;6;6;2;1;
29535;Splyce;0;2;2;1;
29535;fnatic;2;10;1;3;
32833;Cloud9;3;5;3;3;
32833;Natus Vincere;5;7;2;1;
29566;CLG;6;8;1;1;
29566;Gambit;5;2;1;2;
32177;EnVyUs;7;8;1;0;
32177;compLexity;0;6;1;1;
30819;G2;7;2;1;2;
30819;Luminosity;10;4;1;1;
32836;Natus Vincere;9;4;1;2;
32836;Cloud9;7;5;1;0;
32559;G2;7;3;2;2;
32559;mousesports;7;4;3;1;
29829;NiP;2;0;0;0;
29829;Dignitas;1;10;2;3;
29564;CLG;4;3;1;5;
29564;Gambit;2;9;3;1;
29828;Astralis;4;8;2;2;
29828;CSGL;5;3;0;1;
29551;NiP;0;2;0;3;
29551;Luminosity;6;5;4;1;
32584;CLG;7;5;0;3;
32584;FaZe;5;4;1;4;
32345;FaZe;4;0;3;1;
32345;fnatic;4;5;4;2;
28387;Natus Vincere;5;5;0;1;
28387;Luminosity;6;6;1;1;
28395;Natus Vincere;5;6;3;1;
28395;NiP;4;3;3;2;
29833;FaZe;5;3;0;0;
29833;Virtus.pro;3;8;3;2;
29573;Astralis;2;10;1;3;
29573;fnatic;2;3;0;0;
29874;EnVyUs;9;0;2;5;
29874;Dignitas;7;1;3;1;
30775;Liquid;5;1;2;4;
30775;fnatic;7;6;2;1;
32871;Astralis;2;7;2;1;
32871;mousesports;4;7;3;2;
29825;Liquid;4;5;1;3;
29825;mousesports;2;6;5;3;
31980;FlipSid3;6;5;1;1;
31980;Natus Vincere;8;4;1;3;
32151;compLexity;3;8;4;1;
32151;Gambit;3;5;3;3;
32619;mousesports;4;8;2;1;
32619;FaZe;3;7;3;2;
30735;OpTic;4;4;3;5;
30735;Astralis;4;0;2;1;
32133;EnVyUs;7;4;5;0;
32133;compLexity;5;1;4;2;
32336;FlipSid3;3;5;1;4;
32336;NiP;4;7;1;3;
32349;Virtus.pro;9;1;2;3;
32349;Astralis;8;3;2;1;
29539;G2;1;0;0;0;
29539;Virtus.pro;2;9;0;5;
31975;G2;5;0;1;0;
31975;Liquid;6;3;0;6;
30738;Liquid;9;2;4;0;
30738;NiP;8;2;5;0;
28392;NiP;4;3;3;4;
28392;fnatic;6;5;2;3;
32041;Luminosity;2;4;2;3;
32041;G2;5;6;2;2;
32342;mousesports;4;6;1;0;
32342;Liquid;5;6;2;1;
32344;Liquid;8;5;1;0;
32344;mousesports;0;2;2;2;
29559;NiP;7;5;2;2;
29559;mousesports;2;4;1;2;
32577;CLG;6;6;2;2;
32577;FaZe;7;3;0;4;
28398;NiP;9;3;3;0;
28398;Luminosity;10;1;2;0;
29891;Natus Vincere;7;5;0;1;
29891;NiP;5;7;2;0;
28393;TheMongolz;3;2;0;1;
28393;Luminosity;11;4;1;0;
30803;G2;8;5;3;0;
30803;fnatic;3;2;1;2;
31990;G2;0;9;5;2;
31990;NiP;3;5;1;1;
28444;Natus Vincere;3;2;2;4;
28444;Luminosity;7;8;0;1;
32510;FlipSid3;2;0;2;0;
32510;Renegades;4;8;2;2;
32605;Renegades;4;4;0;1;
32605;Virtus.pro;8;4;1;2;
30766;Liquid;8;3;2;3;
30766;Cloud9;3;4;1;1;
29549;Gambit;3;8;3;2;
29549;EnVyUs;4;9;0;0;
29603;Luminosity;4;5;4;1;
29603;Liquid;4;4;5;2;
29881;GODSENT;5;6;2;2;
29881;mousesports;3;4;3;2;
29567;Virtus.pro;5;8;1;2;
29567;G2;3;2;2;2;
28440;Virtus.pro;1;4;0;3;
28440;fnatic;1;11;1;3;
29887;NiP;5;5;3;2;
29887;GODSENT;5;5;3;2;
30741;G2;9;7;0;0;
30741;OpTic;1;5;0;1;
29827;CLG;1;11;2;2;
29827;G2;2;0;0;0;
32337;FlipSid3;9;2;5;0;
32337;NiP;1;0;0;1;
29565;CLG;9;2;2;3;
29565;Gambit;6;3;1;1;
29556;Natus Vincere;3;10;1;2;
29556;Virtus.pro;3;0;0;1;
29587;Luminosity;4;8;1;2;
29587;Virtus.pro;3;9;2;1;
29537;Astralis;3;8;4;1;
29537;Gambit;1;2;5;2;
32388;SK;8;2;1;4;
32388;Virtus.pro;8;1;0;2;
29568;G2;6;5;3;2;
29568;Virtus.pro;7;1;1;0;
32160;Gambit;3;10;3;0;
32160;compLexity;2;9;1;0;
32117;Gambit;5;4;0;0;
32117;EnVyUs;5;10;1;0;
29548;Splyce;2;0;1;0;
29548;FaZe;4;7;0;5;
28385;Natus Vincere;3;6;1;0;
28385;fnatic;4;4;2;3;
29563;FaZe;1;5;0;0;
29563;fnatic;10;6;0;0;
28399;fnatic;3;10;1;0;
28399;mousesports;2;3;3;7;
32016;TSM;5;6;3;1;
32016;Cloud9;2;3;3;3;
29560;fnatic;8;6;2;0;
29560;FaZe;5;3;0;2;
29877;GODSENT;4;6;4;2;
29877;mousesports;1;4;2;3;
28460;fnatic;10;3;2;0;
28460;Luminosity;10;3;2;0;
32872;NiP;4;2;2;0;
32872;Virtus.pro;4;7;3;2;
28446;fnatic;1;8;1;2;
28446;Astralis;2;8;3;3;
30764;Cloud9;6;3;1;5;
30764;Liquid;4;7;3;1;
32393;fnatic;5;7;0;1;
32393;Liquid;5;7;1;3;
32346;FaZe;2;1;0;3;
32346;fnatic;8;3;1;2;
32100;compLexity;0;4;1;2;
32100;Virtus.pro;2;10;0;4;
32302;SK;4;6;3;3;
32302;G2;2;7;1;1;
28412;Tempo Storm;3;7;2;3;
28412;FaZe;2;5;3;5;
30790;Luminosity;11;2;2;1;
30790;NiP;0;1;2;1;
28408;EnVyUs;6;3;2;0;
28408;Astralis;10;3;2;1;
32292;Astralis;4;7;3;1;
32292;Dignitas;5;4;1;1;
29569;G2;2;1;3;1;
29569;Virtus.pro;6;9;0;1;
32511;Virtus.pro;4;7;3;1;
32511;Gambit;7;6;0;2;
29863;Astralis;7;2;3;4;
29863;NiP;2;2;2;3;
32515;Virtus.pro;11;2;2;1;
32515;Gambit;3;2;1;0;
29589;Virtus.pro;5;3;1;1;
29589;Luminosity;8;5;3;0;
29890;NiP;5;2;3;4;
29890;Natus Vincere;7;2;1;3;
29572;fnatic;3;3;2;2;
29572;Astralis;7;2;3;4;
29852;Tempo Storm;2;5;0;1;
29852;Virtus.pro;8;5;0;2;
28391;Natus Vincere;4;9;0;3;
28391;mousesports;2;1;0;2;
28397;TheMongolz;0;5;0;1;
28397;Natus Vincere;9;5;0;2;
29570;NiP;4;1;2;1;
29570;Natus Vincere;12;3;1;0;
32323;mousesports;5;6;3;2;
32323;EnVyUs;3;5;1;2;
32010;Liquid;5;2;2;2;
32010;G2;7;4;3;1;
29872;Natus Vincere;5;8;1;2;
29872;TyLoo;3;2;2;3;
32335;Astralis;5;7;4;0;
32335;Dignitas;5;2;3;4;
29838;EnVyUs;3;7;0;4;
29838;Tempo Storm;4;11;0;1;
28390;fnatic;2;5;3;1;
28390;Luminosity;6;5;2;2;
32379;Virtus.pro;2;2;0;1;
32379;SK;7;4;5;0;
29557;mousesports;4;1;0;0;
29557;NiP;5;8;0;3;
28439;fnatic;7;5;4;0;
28439;Virtus.pro;1;3;0;1;
29840;Liquid;7;2;3;3;
29840;TyLoo;6;4;4;1;
29856;TyLoo;4;3;0;0;
29856;Luminosity;4;11;0;0;
29552;Liquid;4;7;0;3;
29552;fnatic;4;4;1;6;
32868;Astralis;1;0;1;0;
32868;mousesports;1;7;2;6;
26258;undefined;0;0;0;0;
26258;undefined;0;0;0;0;
